cluster_label,n_clicks,n_members,cluster_mean_dist_to_centroid,nearest_sharma_type,sharma_mean_dist_to_centroid,variance_ratio,flag_collapse
P3c1,3,15,0.06091239584798612,3D,0.0344414542861893,1.768577927686736,False
P3c10,3,185,0.11729504240047883,3D,0.0344414542861893,3.405635587447103,True
P3c11,3,56,0.18334859730805458,3D,0.0344414542861893,5.323485930197078,True
P3c12,3,12,0.0011832031804214476,3D,0.0344414542861893,0.034354042387109686,False
P3c13,3,24,0.0024556613407305124,3D,0.0344414542861893,0.07129958335456264,False
P3c14,3,28,0.01967340730846667,3D,0.0344414542861893,0.5712130255880491,False
P3c15,3,70,0.05527261249402715,3D,0.0344414542861893,1.604828066629897,False
P3c16,3,30,0.007421442640941371,3D,0.0344414542861893,0.21547994400217008,False
P3c17,3,21,0.012992357473817707,3D,0.0344414542861893,0.3772302227965885,False
P3c18,3,17,0.009800281017489839,3D,0.0344414542861893,0.28454898960000247,False
P3c19,3,30,0.01297150941317702,3D,0.0344414542861893,0.37662490397156295,False
P3c2,3,17,0.021729599515205946,3D,0.0344414542861893,0.6309141110780364,False
P3c20,3,48,0.011668609517120268,3D,0.0344414542861893,0.33879549394635383,False
P3c21,3,17,0.018299643292508952,3D,0.0344414542861893,0.5313260915305467,False
P3c22,3,13,0.00637969993354273,3D,0.0344414542861893,0.1852331751304976,False
P3c23,3,31,0.015337609739273153,3D,0.0344414542861893,0.44532410309466497,False
P3c24,3,12,0.015063753958811621,3D,0.0344414542861893,0.4373727611395331,False
P3c25,3,24,0.03176636516316764,3R,0.0148417668180192,2.140335820705692,True
P3c26,3,12,0.03806947368868437,3D,0.0344414542861893,1.1053387401225354,False
P3c3,3,17,0.23512065743641958,3D,0.0344414542861893,6.826676233898194,True
P3c4,3,102,0.03804273144860729,3D,0.0344414542861893,1.1045622851025219,False
P3c5,3,80,0.02740382304808,3D,0.0344414542861893,0.7956639351047576,False
P3c6,3,99,0.011721298430413701,3D,0.0344414542861893,0.3403253048787151,False
P3c7,3,34,0.002652027422722456,3D,0.0344414542861893,0.07700102907053766,False
P3c8,3,18,0.008522160493081094,3D,0.0344414542861893,0.24743904314453996,False
P3c9,3,32,0.0022281630954909303,3D,0.0344414542861893,0.06469422217122821,False
P4c10,4,93,0.03427127142885139,4R1,0.0445166566733875,0.7698527694991771,False
P4c11,4,16,0.13464879167108684,4R2,0.0849840608078653,1.58440053806684,False
P4c12,4,36,0.0418746018755181,4R2,0.0849840608078653,0.4927347725850562,False
P4c13,4,16,0.05115677670919724,4R2,0.0849840608078653,0.6019573108521388,False
P4c14,4,12,0.025719089143422084,4R2,0.0849840608078653,0.30263426928455006,False
P4c15,4,14,0.031019419334936137,4R2,0.0849840608078653,0.36500279040637795,False
P4c16,4,12,0.1107242558079332,4R2,0.0849840608078653,1.302882620051096,False
P4c17,4,15,0.025478834273706674,4R2,0.0849840608078653,0.29980721127588905,False
P4c19,4,46,0.02794301242056037,4R2,0.0849840608078653,0.32880297969915595,False
P4c2,4,10,0.23869875131122323,4R2,0.0849840608078653,2.8087472996951868,True
P4c20,4,15,0.07457084644687377,4R2,0.0849840608078653,0.8774686186797538,False
P4c21,4,109,0.02668117057225868,4R2,0.0849840608078653,0.313954997191536,False
P4c22,4,22,0.02767712991042546,4R2,0.0849840608078653,0.325674363490335,False
P4c23,4,13,0.01769636054115747,4R2,0.0849840608078653,0.2082315245110018,False
P4c24,4,56,0.06956753632406602,4R2,0.0849840608078653,0.8185951066912012,False
P4c25,4,28,0.035365295183360325,4R2,0.0849840608078653,0.4161403308711656,False
P4c26,4,58,0.020490835589719848,4R2,0.0849840608078653,0.24111386764685425,False
P4c27,4,11,0.03902827286063884,4R2,0.0849840608078653,0.459242268369303,False
P4c28,4,22,0.1303774593599538,4R2,0.0849840608078653,1.5341401448762886,False
P4c3,4,10,0.52498776071327,4R2,0.0849840608078653,6.177484998041918,True
P4c4,4,29,0.1907605131806345,4R2,0.0849840608078653,2.244662250394365,True
P4c6,4,13,0.08285330393605572,4R2,0.0849840608078653,0.9749275705167012,False
P4c7,4,16,0.03555038207322048,4R1,0.0445166566733875,0.7985860738385785,False
P4c8,4,25,0.024441745098439837,4R1,0.0445166566733875,0.5490471864894417,False
P5c1,5,32,0.023698751874204005,5R1,0.0173394404842135,1.3667541288763192,False
P5c10,5,14,0.007502500021703873,5R1,0.0173394404842135,0.4326840896933462,False
P5c11,5,22,0.026230431525528997,5R2,0.0205381693357925,1.2771552856863644,False
P5c12,5,17,0.028770755475112535,2+3,0.0366611150839791,0.7847757878942789,False
P5c13,5,21,0.04097363341260044,2+3,0.0366611150839791,1.1176319465117937,False
P5c14,5,25,0.02851619814942525,2+3,0.0366611150839791,0.7778322640788092,False
P5c15,5,11,0.02817799422089092,5R1,0.0173394404842135,1.6250809388310574,False
P5c16,5,42,0.03981670088416916,5R3,0.0607679071391222,0.6552258051772739,False
P5c17,5,19,0.01507407738261446,5R3,0.0607679071391222,0.2480598409963968,False
P5c18,5,58,0.031352680754792445,2+3,0.0366611150839791,0.8552025949830849,False
P5c19,5,285,0.03706795187345661,5R3,0.0607679071391222,0.6099922412761911,False
P5c2,5,17,0.04624391945107979,5R1,0.0173394404842135,2.6669787582351376,True
P5c20,5,74,0.0354734353377568,5R2,0.0205381693357925,1.7271955819322296,False
P5c21,5,14,0.029653282133380487,5R3,0.0607679071391222,0.48797603092520836,False
P5c22,5,20,0.03320965705827512,5R3,0.0607679071391222,0.5464999309955639,False
P5c23,5,68,0.06472385507780597,5R3,0.0607679071391222,1.0650992954163618,False
P5c24,5,24,0.02679272834553856,5R3,0.0607679071391222,0.44090260150311283,False
P5c3,5,54,0.0546943765821274,5R3,0.0607679071391222,0.9000536493203551,False
P5c4,5,11,0.039846983358674606,5R3,0.0607679071391222,0.6557241352322505,False
P5c5,5,28,0.07123773378589233,5R3,0.0607679071391222,1.1722920393292546,False
P5c6,5,15,0.042920590538716434,5R3,0.0607679071391222,0.7063035829167841,False
P5c7,5,15,0.02792316249547092,2+3,0.0366611150839791,0.7616561152465691,False
P5c8,5,35,0.025997742673232203,5R1,0.0173394404842135,1.4993414981816489,False
P6c1,6,19,0.0415132772271307,6R,0.0853421635892806,0.48643338159222593,False
P6c10,6,93,0.035788246524425756,6R,0.0853421635892806,0.41935011979144315,False
P6c11,6,16,0.048906977867057486,6R,0.0853421635892806,0.5730693459147367,False
P6c2,6,15,0.026638302688908887,6R,0.0853421635892806,0.31213531001052325,False
P6c3,6,44,0.053066861987330724,6R,0.0853421635892806,0.621812943983016,False
P6c4,6,20,0.04069539947240385,6R,0.0853421635892806,0.4768498683517721,False
P6c5,6,299,0.059283906993406875,6R,0.0853421635892806,0.69466140182147,False
P6c6,6,15,0.03555749462473347,6i,0.053256748659589,0.6676617615546317,False
P6c7,6,18,0.022171727213533287,6R,0.0853421635892806,0.259798044495771,False
P6c8,6,10,0.02787359843078701,6i,0.053256748659589,0.5233815268925228,False
P6c9,6,46,0.042873102423648266,6i,0.053256748659589,0.8050266586435495,False
P7c1,7,28,0.031948610374250105,7i,0.0562746762325679,0.567726240524516,False
P7c10,7,15,0.03702259429437159,7R,0.0595543365348204,0.6216607630701269,False
P7c11,7,20,0.051507981583709006,7R,0.0595543365348204,0.8648905282253152,False
P7c12,7,34,0.06627845414915445,7R,0.0595543365348204,1.1129072709995278,False
P7c13,7,22,0.08122387854093041,7R,0.0595543365348204,1.3638616978536937,False
P7c14,7,12,0.04256034680253448,7D1,0.0881204293408406,0.48297933998840964,False
P7c16,7,16,0.04327613503661708,7R,0.0595543365348204,0.7266663950040693,False
P7c17,7,10,0.05771842998922407,7R,0.0595543365348204,0.9691725799930135,False
P7c18,7,52,0.06325514048638842,7R,0.0595543365348204,1.0621416368126981,False
P7c2,7,24,0.05252464571184814,7R,0.0595543365348204,0.8819617305473275,False
P7c3,7,48,0.034432489804464304,7R,0.0595543365348204,0.5781693123947778,False
P7c4,7,123,0.06267503163210704,7i,0.0562746762325679,1.1137342020963072,False
P7c5,7,20,0.044106429430116556,7R,0.0595543365348204,0.7406081907121622,False
P7c6,7,24,0.030989523596694452,7R,0.0595543365348204,0.520357129301162,False
P7c7,7,58,0.09576824124614693,7R,0.0595543365348204,1.6080817421272566,False
P7c8,7,22,0.03824421276748063,7R,0.0595543365348204,0.6421734334177309,False
P7c9,7,14,0.03262436519730137,7R,0.0595543365348204,0.5478083897085557,False
P8c1,8,33,0.09795932227566663,8R,0.1127264306876827,0.8690004791074287,False
P8c2,8,12,0.04862861155811815,8R,0.1127264306876827,0.4313860667942861,False
P8c3,8,58,0.05022837149677706,8R,0.1127264306876827,0.4455775916114886,False
P8c4,8,16,0.044895585293170684,8R,0.1127264306876827,0.39827026385282593,False
P8c5,8,31,0.08648831223892352,8R,0.1127264306876827,0.7672407589888663,False
P8c6,8,16,0.05689178900300374,8i,0.0339409292518794,1.6762000999089761,False
P9c1,9,39,0.07694812670869287,9R,0.0739067855864186,1.041151040437526,False
P9c2,9,31,0.02063457886547724,9R,0.0739067855864186,0.27919735247245187,False
P9c3,9,12,0.07425144532701404,9R,0.0739067855864186,1.0046634383820203,False
P9c4,9,18,0.05256098830510489,9i,0.0422018697341772,1.245465867654161,False
P9c5,9,24,0.035814240178230865,9R,0.0739067855864186,0.4845866302269846,False
P10c1,10,65,0.16195430999902963,10R,0.0778752144879422,2.079664384412139,True
P10c2,10,15,0.04486471446562453,10R,0.0778752144879422,0.5761103164932041,False
P10c3,10,75,0.09411905588817604,10R,0.0778752144879422,1.2085880791089052,False
P10c4,10,40,0.0228507223114111,10R,0.0778752144879422,0.2934274077017045,False
