codatype,is_noise_type,length,n_members,centroid,mean_dist_to_centroid,r95,nosc_p50,nosc_p90,nosc_p95,nosc_p99
3-NOISE,True,3,21,"[0.258435, 0.292377]",0.09948670664458957,0.19259100096718704,0.02533707558598661,0.07849040443423644,0.1002558167739409,0.12560715354491242
3D,False,3,61,"[0.196053, 0.128002]",0.03444145428618933,0.08927959888728229,0.005536244214266568,0.017851967694906913,0.020610798628388962,0.04581404500117841
3R,False,3,21,"[0.06298, 0.076703]",0.014841766818019256,0.0399790183674519,0.003599999999999992,0.014402777509911062,0.026437095150564485,0.031775152039942176
1+31,False,4,51,"[0.347142, 0.197671, 0.176369]",0.06666769467300744,0.17362892362273213,0.016206716457691218,0.03634098754244303,0.040000923518398145,0.051927425302118524
1+32,False,4,72,"[0.239275, 0.083322, 0.072924]",0.011114876395279511,0.02880301041780096,0.002828427124746188,0.009230149155083352,0.016414925233090943,0.03115035121429995
4-NOISE,True,4,51,"[0.332913, 0.27695, 0.252696]",0.23366991784724792,0.4313377498951295,0.04791289602664402,0.09734557000706295,0.14008146653822898,0.21180211124151588
4D,False,4,219,"[0.249107, 0.160033, 0.112874]",0.018398808661970245,0.04098870480725038,0.003402939905434729,0.009050966529546681,0.011189108364867705,0.02533949486473634
4R1,False,4,84,"[0.079564, 0.078851, 0.093989]",0.04451665667338755,0.08941778182625756,0.009534406238144142,0.019750301258839198,0.024665596031929266,0.03467790188740321
4R2,False,4,340,"[0.332909, 0.324122, 0.321298]",0.08498406080786539,0.18295829042435943,0.007147036189298397,0.016181249833992273,0.025375863888046298,0.05371718233664683
5-NOISE,True,4,1,"[0.451462, 0.416904, 0.398621]",0.0,0.0,,,,
1+1+3,False,5,3589,"[0.364711, 0.351789, 0.182948, 0.172022]",0.11779727119731398,0.20547613728835004,0.007292876890500771,0.014524391708640871,0.01868805463340224,0.02763855043549364
2+3,False,5,77,"[0.051522, 0.20886, 0.195677, 0.198894]",0.03666111508397914,0.06994670082872893,0.012882462821603633,0.026442182666890423,0.030512841107547914,0.041360843082043804
5-NOISE,True,5,278,"[0.223544, 0.216161, 0.170392, 0.181724]",0.22268412820101896,0.5464232409670128,0.019827603366877423,0.0779249453206912,0.08375260864674425,0.15775329990265755
5R1,False,5,1510,"[0.094508, 0.092066, 0.074161, 0.069585]",0.017339440484213584,0.03682232766349336,0.0028034354146404712,0.006999999999999998,0.009209234495874241,0.015132745950421557
5R2,False,5,287,"[0.122208, 0.13251, 0.122555, 0.132374]",0.02053816933579259,0.0381451238185053,0.004692646198042209,0.010247529869089184,0.012592479811536406,0.01691690380222248
5R3,False,5,642,"[0.288183, 0.287571, 0.292524, 0.30009]",0.06076790713912229,0.13784566848214524,0.006941901756723478,0.01457599452244452,0.020043989737152535,0.03648461972222129
6-NOISE,True,5,1,"[0.083332, 0.08702, 0.075965, 0.071127]",0.0,0.0,,,,
5-NOISE,True,6,1,"[0.234692, 0.268752, 0.166536, 0.1188, 0.0]",0.0,0.0,,,,
6-NOISE,True,6,171,"[0.316683, 0.268005, 0.167228, 0.138855, 0.174337]",0.17257851727635887,0.33007722828401764,0.04124049701325141,0.09921369909805804,0.11832192804481753,0.17413802995708244
6R,False,6,67,"[0.29401, 0.286145, 0.288785, 0.288335, 0.297379]",0.08534216358928068,0.16974647604147297,0.018656366205668223,0.036773227988727814,0.048872311995214565,0.05931723284615012
6i,False,6,188,"[0.077027, 0.076171, 0.066477, 0.066435, 0.084506]",0.05325674865958908,0.11500396535002862,0.011489125293076049,0.021313197117608526,0.03500554377125686,0.049959811700743734
7-NOISE,True,7,19,"[0.324609, 0.289299, 0.224195, 0.236727, 0.224623, 0.227303]",0.22923715767668,0.34558234084123785,0.1237059944754093,0.245524046361908,0.2797545342128366,0.2939854252463585
7D1,False,7,177,"[0.385218, 0.214319, 0.182506, 0.159616, 0.127064, 0.125699]",0.08812042934084065,0.19268485574339472,0.018542653531789893,0.03698067603966442,0.055140631333151835,0.07357701951996451
7D2,False,7,35,"[0.458231, 0.388628, 0.135459, 0.136886, 0.162291, 0.211928]",0.06284801455431907,0.10503792361076639,0.027819257235950755,0.07085352012815226,0.08805262198359799,0.09663978683740886
7R,False,7,23,"[0.257565, 0.244822, 0.240826, 0.244326, 0.244639, 0.256509]",0.05955433653482047,0.10675158852241896,0.02640265138201086,0.03913611943274655,0.051749614931792164,0.06902030357765786
7i,False,7,151,"[0.052353, 0.056872, 0.056373, 0.05755, 0.061356, 0.079615]",0.05627467623256793,0.12846056273474993,0.011365737987477982,0.03304542328371662,0.04107743229450317,0.09668127802879714
8-NOISE,True,8,17,"[0.300131, 0.266874, 0.216856, 0.260475, 0.22987, 0.219975, 0.254318]",0.3001274309450754,0.49213406947896543,0.1007552976274697,0.2880379796262715,0.30648606952820856,0.31166678496670175
8D,False,8,20,"[0.450638, 0.376486, 0.131991, 0.125002, 0.140386, 0.150882, 0.193205]",0.07655822655535843,0.1269599298759639,0.04432686314847664,0.08684271675551039,0.09127746157345881,0.10422618919329105
8R,False,8,60,"[0.275006, 0.193347, 0.172736, 0.164389, 0.159057, 0.158059, 0.190876]",0.11272643068768279,0.2060904339842691,0.0322291793255739,0.0819416438159243,0.10115301917888354,0.1269737004678301
8i,False,8,178,"[0.04502, 0.050855, 0.049765, 0.048405, 0.048404, 0.051737, 0.066581]",0.03394092925187949,0.10688988213475963,0.00824833289208432,0.02893452696796345,0.0389883472306268,0.043879405318432714
9-NOISE,True,9,16,"[0.41369, 0.335876, 0.135672, 0.125301, 0.135085, 0.141744, 0.151608, 0.215098]",0.15052384789830137,0.3495073247985277,0.06690239891909705,0.2508307926505682,0.27179692787079107,0.27179692787079107
9R,False,9,43,"[0.2211, 0.176823, 0.1667, 0.163006, 0.164419, 0.16378, 0.164145, 0.188173]",0.0739067855864186,0.17141436362941884,0.023885769822218423,0.06669857569693674,0.10689661120699691,0.11553354491228944
9i,False,9,137,"[0.043589, 0.049509, 0.048515, 0.047069, 0.045208, 0.047382, 0.051797, 0.071562]",0.04220186973417725,0.11199280933647641,0.011858752609781515,0.029631774792746018,0.04488136284248253,0.06028626974720529
10-NOISE,True,10,9,"[0.314857, 0.295087, 0.138532, 0.147182, 0.539229, 0.184268, 0.171246, 0.136858, 0.192417]",0.28606799994404986,0.47756689365712496,0.14253473804031075,0.23793540426979734,0.2459598647792721,0.2523794331868519
10R,False,10,32,"[0.220813, 0.182209, 0.161764, 0.164255, 0.172428, 0.168984, 0.154331, 0.164911, 0.196343]",0.07787521448794221,0.17770083466714953,0.026768215035164113,0.11875323723337954,0.1391430682718201,0.15800057750705235
10i,False,10,55,"[0.044222, 0.048399, 0.046828, 0.044813, 0.044795, 0.044736, 0.047974, 0.055162, 0.073828]",0.05994586319198217,0.15612880844717475,0.018165902124584948,0.049863980335735344,0.07207035184350585,0.10096271305561441
