recording_id,n_codas,n_noise,noise_rate,n_clicks_median,source
245,1,1,1.0,4.0,hersh2022_pacific
134,13,13,1.0,8.0,hersh2022_pacific
161,1,1,1.0,5.0,hersh2022_pacific
30,4,4,1.0,5.0,hersh2022_pacific
113,1,1,1.0,4.0,hersh2022_pacific
34,6,5,0.8333333333333334,5.0,hersh2022_pacific
230,38,30,0.7894736842105263,5.0,hersh2022_pacific
249,46,36,0.782608695652174,6.0,hersh2022_pacific
152,4,3,0.75,6.0,hersh2022_pacific
153,247,183,0.7408906882591093,6.0,hersh2022_pacific
136,75,55,0.7333333333333333,6.0,hersh2022_pacific
CETI23-290,263,192,0.7300380228136882,5.0,sharma2025_birth
CETI23-289,279,198,0.7096774193548387,5.0,sharma2025_birth
253,89,63,0.7078651685393258,5.0,hersh2022_pacific
93,30,21,0.7,5.0,hersh2022_pacific
155,31,21,0.6774193548387096,5.0,hersh2022_pacific
221,9,6,0.6666666666666666,6.0,hersh2022_pacific
247,36,24,0.6666666666666666,3.0,hersh2022_pacific
22,3,2,0.6666666666666666,5.0,hersh2022_pacific
CETI23-288,235,155,0.6595744680851063,5.0,sharma2025_birth
85,44,29,0.6590909090909091,3.0,hersh2022_pacific
137,101,66,0.6534653465346535,6.0,hersh2022_pacific
215,60,39,0.65,5.0,hersh2022_pacific
58,120,77,0.6416666666666667,6.0,hersh2022_pacific
252,78,49,0.6282051282051282,5.0,hersh2022_pacific
213,135,83,0.6148148148148148,4.0,hersh2022_pacific
91,189,116,0.6137566137566137,5.0,hersh2022_pacific
28,23,14,0.6086956521739131,6.0,hersh2022_pacific
151,123,74,0.6016260162601627,6.0,hersh2022_pacific
211,25,15,0.6,7.0,hersh2022_pacific
CETI23-286,151,90,0.5960264900662252,5.0,sharma2025_birth
250,37,22,0.5945945945945946,5.0,hersh2022_pacific
156,160,95,0.59375,4.0,hersh2022_pacific
148,54,32,0.5925925925925926,5.5,hersh2022_pacific
149,200,117,0.585,6.0,hersh2022_pacific
203,60,35,0.5833333333333334,3.0,hersh2022_pacific
217,280,163,0.5821428571428572,5.0,hersh2022_pacific
82,98,57,0.5816326530612245,3.0,hersh2022_pacific
231,21,12,0.5714285714285714,6.0,hersh2022_pacific
CETI23-294,118,67,0.5677966101694916,5.0,sharma2025_birth
224,64,36,0.5625,6.0,hersh2022_pacific
CETI23-291,80,45,0.5625,5.0,sharma2025_birth
CETI23-292,950,534,0.5621052631578948,5.0,sharma2025_birth
68,25,14,0.56,6.0,hersh2022_pacific
145,61,34,0.5573770491803278,6.0,hersh2022_pacific
CETI23-285,477,262,0.549266247379455,5.0,sharma2025_birth
8,33,18,0.5454545454545454,6.0,hersh2022_pacific
229,47,25,0.5319148936170213,6.0,hersh2022_pacific
216,361,192,0.5318559556786704,6.0,hersh2022_pacific
251,95,50,0.5263157894736842,5.0,hersh2022_pacific
CETI23-287,506,263,0.5197628458498024,5.0,sharma2025_birth
234,62,32,0.5161290322580645,7.0,hersh2022_pacific
171,31,16,0.5161290322580645,5.0,hersh2022_pacific
13,66,34,0.5151515151515151,6.0,hersh2022_pacific
83,72,37,0.5138888888888888,4.0,hersh2022_pacific
214,221,112,0.5067873303167421,7.0,hersh2022_pacific
CETI23-293,567,287,0.5061728395061729,5.0,sharma2025_birth
138,691,346,0.5007235890014472,5.0,hersh2022_pacific
188,14,7,0.5,3.0,hersh2022_pacific
76,64,32,0.5,6.0,hersh2022_pacific
256,34,17,0.5,5.0,hersh2022_pacific
183,2,1,0.5,5.5,hersh2022_pacific
164,2,1,0.5,5.5,hersh2022_pacific
59,125,62,0.496,4.0,hersh2022_pacific
87,58,28,0.4827586206896552,3.0,hersh2022_pacific
228,94,45,0.4787234042553192,4.0,hersh2022_pacific
254,57,27,0.47368421052631576,7.0,hersh2022_pacific
187,193,89,0.46113989637305697,4.0,hersh2022_pacific
218,113,52,0.46017699115044247,5.0,hersh2022_pacific
193,90,41,0.45555555555555555,4.5,hersh2022_pacific
232,33,15,0.45454545454545453,7.0,hersh2022_pacific
174,51,23,0.45098039215686275,4.0,hersh2022_pacific
157,234,105,0.44871794871794873,4.0,hersh2022_pacific
186,9,4,0.4444444444444444,7.0,hersh2022_pacific
212,362,160,0.4419889502762431,5.0,hersh2022_pacific
101,68,30,0.4411764705882353,6.0,hersh2022_pacific
7,82,35,0.4268292682926829,7.0,hersh2022_pacific
47,41,17,0.4146341463414634,7.0,hersh2022_pacific
209,34,14,0.4117647058823529,6.0,hersh2022_pacific
14,37,15,0.40540540540540543,4.0,hersh2022_pacific
11,5,2,0.4,5.0,hersh2022_pacific
81,108,43,0.39814814814814814,3.0,hersh2022_pacific
25,18,7,0.3888888888888889,6.0,hersh2022_pacific
131,629,243,0.3863275039745628,5.0,hersh2022_pacific
173,29,11,0.3793103448275862,3.0,hersh2022_pacific
88,125,47,0.376,3.0,hersh2022_pacific
226,64,24,0.375,4.0,hersh2022_pacific
177,91,34,0.37362637362637363,4.0,hersh2022_pacific
233,126,47,0.373015873015873,7.0,hersh2022_pacific
1,54,20,0.37037037037037035,6.0,hersh2022_pacific
35,19,7,0.3684210526315789,7.0,hersh2022_pacific
219,107,39,0.3644859813084112,5.0,hersh2022_pacific
257,55,20,0.36363636363636365,4.0,hersh2022_pacific
89,197,71,0.3604060913705584,5.0,hersh2022_pacific
181,107,38,0.35514018691588783,4.0,hersh2022_pacific
CETI23-279,428,152,0.35514018691588783,5.0,sharma2025_birth
222,93,33,0.3548387096774194,4.0,hersh2022_pacific
54,31,11,0.3548387096774194,6.0,hersh2022_pacific
227,217,77,0.3548387096774194,6.0,hersh2022_pacific
170,83,29,0.3493975903614458,5.0,hersh2022_pacific
108,72,25,0.3472222222222222,6.5,hersh2022_pacific
74,274,93,0.33941605839416056,7.0,hersh2022_pacific
29,110,37,0.33636363636363636,6.0,hersh2022_pacific
CETI23-281,179,60,0.33519553072625696,5.0,sharma2025_birth
198,30,10,0.3333333333333333,7.0,hersh2022_pacific
163,60,20,0.3333333333333333,4.0,hersh2022_pacific
154,12,4,0.3333333333333333,6.0,hersh2022_pacific
158,3,1,0.3333333333333333,3.0,hersh2022_pacific
133,39,13,0.3333333333333333,4.0,hersh2022_pacific
53,133,44,0.3308270676691729,6.0,hersh2022_pacific
105,133,44,0.3308270676691729,7.0,hersh2022_pacific
62,40,13,0.325,7.0,hersh2022_pacific
45,102,33,0.3235294117647059,3.0,hersh2022_pacific
27,62,20,0.3225806451612903,7.0,hersh2022_pacific
86,90,29,0.32222222222222224,6.0,hersh2022_pacific
63,174,56,0.3218390804597701,6.0,hersh2022_pacific
10,75,24,0.32,6.0,hersh2022_pacific
38,25,8,0.32,5.0,hersh2022_pacific
12,66,21,0.3181818181818182,5.0,hersh2022_pacific
84,152,48,0.3157894736842105,6.0,hersh2022_pacific
150,86,27,0.313953488372093,5.0,hersh2022_pacific
223,51,16,0.3137254901960784,6.0,hersh2022_pacific
255,48,15,0.3125,3.0,hersh2022_pacific
176,107,33,0.308411214953271,5.0,hersh2022_pacific
236,26,8,0.3076923076923077,6.5,hersh2022_pacific
CETI23-283,221,68,0.3076923076923077,5.0,sharma2025_birth
CETI23-282,259,78,0.30115830115830117,5.0,sharma2025_birth
90,130,39,0.3,4.0,hersh2022_pacific
CETI23-280,60,18,0.3,5.0,sharma2025_birth
142,75,22,0.29333333333333333,7.0,hersh2022_pacific
144,158,46,0.2911392405063291,4.0,hersh2022_pacific
130,1963,567,0.2888436067244014,5.0,hersh2022_pacific
127,206,59,0.28640776699029125,6.0,hersh2022_pacific
42,336,95,0.28273809523809523,6.0,hersh2022_pacific
33,93,26,0.27956989247311825,6.0,hersh2022_pacific
26,230,64,0.2782608695652174,7.0,hersh2022_pacific
196,83,23,0.27710843373493976,3.0,hersh2022_pacific
135,188,52,0.2765957446808511,3.0,hersh2022_pacific
4,44,12,0.2727272727272727,6.0,hersh2022_pacific
200,11,3,0.2727272727272727,10.0,hersh2022_pacific
80,85,23,0.27058823529411763,4.0,hersh2022_pacific
48,41,11,0.2682926829268293,6.0,hersh2022_pacific
CETI23-277,462,123,0.2662337662337662,5.0,sharma2025_birth
189,176,46,0.26136363636363635,4.0,hersh2022_pacific
235,46,12,0.2608695652173913,4.0,hersh2022_pacific
66,46,12,0.2608695652173913,5.0,hersh2022_pacific
69,128,33,0.2578125,5.0,hersh2022_pacific
61,163,42,0.25766871165644173,7.0,hersh2022_pacific
220,78,20,0.2564102564102564,4.0,hersh2022_pacific
60,142,36,0.2535211267605634,6.0,hersh2022_pacific
CETI23-278,496,125,0.25201612903225806,5.0,sharma2025_birth
9,120,30,0.25,3.0,hersh2022_pacific
202,4,1,0.25,3.0,hersh2022_pacific
52,120,30,0.25,6.0,hersh2022_pacific
184,8,2,0.25,9.0,hersh2022_pacific
50,33,8,0.24242424242424243,5.0,hersh2022_pacific
194,108,26,0.24074074074074073,4.0,hersh2022_pacific
125,17,4,0.23529411764705882,3.0,hersh2022_pacific
92,128,30,0.234375,3.0,hersh2022_pacific
36,138,32,0.2318840579710145,7.0,hersh2022_pacific
40,471,108,0.22929936305732485,7.0,hersh2022_pacific
208,40,9,0.225,7.0,hersh2022_pacific
197,40,9,0.225,7.0,hersh2022_pacific
178,18,4,0.2222222222222222,8.0,hersh2022_pacific
39,72,16,0.2222222222222222,6.0,hersh2022_pacific
67,77,17,0.22077922077922077,7.0,hersh2022_pacific
238,32,7,0.21875,4.5,hersh2022_pacific
225,191,41,0.21465968586387435,7.0,hersh2022_pacific
244,42,9,0.21428571428571427,5.0,hersh2022_pacific
124,14,3,0.21428571428571427,7.0,hersh2022_pacific
3,103,22,0.21359223300970873,7.0,hersh2022_pacific
237,47,10,0.2127659574468085,5.0,hersh2022_pacific
19,231,48,0.2077922077922078,7.0,hersh2022_pacific
16,54,11,0.2037037037037037,6.0,hersh2022_pacific
96,115,23,0.2,6.0,hersh2022_pacific
46,121,24,0.19834710743801653,6.0,hersh2022_pacific
6,82,16,0.1951219512195122,7.0,hersh2022_pacific
37,52,10,0.19230769230769232,7.0,hersh2022_pacific
23,69,13,0.18840579710144928,6.0,hersh2022_pacific
182,213,40,0.18779342723004694,6.0,hersh2022_pacific
141,128,24,0.1875,6.0,hersh2022_pacific
75,32,6,0.1875,8.0,hersh2022_pacific
239,11,2,0.18181818181818182,3.0,hersh2022_pacific
24,260,47,0.18076923076923077,6.0,hersh2022_pacific
78,262,47,0.17938931297709923,3.0,hersh2022_pacific
21,41,7,0.17073170731707318,7.0,hersh2022_pacific
57,154,26,0.16883116883116883,6.0,hersh2022_pacific
44,72,12,0.16666666666666666,5.0,hersh2022_pacific
65,37,6,0.16216216216216217,7.0,hersh2022_pacific
31,25,4,0.16,6.0,hersh2022_pacific
129,25,4,0.16,3.0,hersh2022_pacific
167,19,3,0.15789473684210525,4.0,hersh2022_pacific
51,19,3,0.15789473684210525,5.0,hersh2022_pacific
49,102,16,0.1568627450980392,7.0,hersh2022_pacific
97,103,16,0.1553398058252427,5.0,hersh2022_pacific
43,46,7,0.15217391304347827,5.5,hersh2022_pacific
191,33,5,0.15151515151515152,4.0,hersh2022_pacific
64,47,7,0.14893617021276595,5.0,hersh2022_pacific
17,136,20,0.14705882352941177,8.0,hersh2022_pacific
103,137,20,0.145985401459854,4.0,hersh2022_pacific
160,7,1,0.14285714285714285,3.0,hersh2022_pacific
111,7,1,0.14285714285714285,3.0,hersh2022_pacific
118,42,6,0.14285714285714285,5.0,hersh2022_pacific
147,653,92,0.14088820826952528,8.0,hersh2022_pacific
242,166,23,0.13855421686746988,5.0,hersh2022_pacific
32,58,8,0.13793103448275862,8.0,hersh2022_pacific
15,156,21,0.1346153846153846,7.0,hersh2022_pacific
79,164,22,0.13414634146341464,3.0,hersh2022_pacific
240,53,7,0.1320754716981132,5.0,hersh2022_pacific
55,38,5,0.13157894736842105,4.5,hersh2022_pacific
143,31,4,0.12903225806451613,4.0,hersh2022_pacific
199,101,13,0.12871287128712872,3.0,hersh2022_pacific
106,190,24,0.12631578947368421,7.0,hersh2022_pacific
112,8,1,0.125,3.0,hersh2022_pacific
180,32,4,0.125,4.0,hersh2022_pacific
246,33,4,0.12121212121212122,5.0,hersh2022_pacific
192,51,6,0.11764705882352941,5.0,hersh2022_pacific
114,69,8,0.11594202898550725,5.0,hersh2022_pacific
71,97,11,0.1134020618556701,3.0,hersh2022_pacific
169,135,15,0.1111111111111111,2.0,hersh2022_pacific
146,804,82,0.10199004975124377,3.0,hersh2022_pacific
41,70,7,0.1,6.0,hersh2022_pacific
107,60,6,0.1,7.0,hersh2022_pacific
122,30,3,0.1,6.0,hersh2022_pacific
117,194,19,0.0979381443298969,5.0,hersh2022_pacific
56,82,8,0.0975609756097561,5.5,hersh2022_pacific
241,45,4,0.08888888888888889,4.0,hersh2022_pacific
116,105,9,0.08571428571428572,3.0,hersh2022_pacific
5,24,2,0.08333333333333333,8.0,hersh2022_pacific
72,61,5,0.08196721311475409,5.0,hersh2022_pacific
201,25,2,0.08,3.0,hersh2022_pacific
104,50,4,0.08,4.0,hersh2022_pacific
18,50,4,0.08,9.0,hersh2022_pacific
77,191,14,0.07329842931937172,3.0,hersh2022_pacific
20,134,9,0.06716417910447761,7.0,hersh2022_pacific
195,45,3,0.06666666666666667,3.0,hersh2022_pacific
115,79,5,0.06329113924050633,3.0,hersh2022_pacific
179,16,1,0.0625,5.0,hersh2022_pacific
94,84,5,0.05952380952380952,4.0,hersh2022_pacific
120,94,5,0.05319148936170213,5.0,hersh2022_pacific
139,19,1,0.05263157894736842,9.0,hersh2022_pacific
243,39,2,0.05128205128205128,5.0,hersh2022_pacific
121,68,3,0.04411764705882353,4.0,hersh2022_pacific
119,125,5,0.04,4.0,hersh2022_pacific
2,52,2,0.038461538461538464,5.0,hersh2022_pacific
73,54,2,0.037037037037037035,3.0,hersh2022_pacific
95,111,4,0.036036036036036036,3.0,hersh2022_pacific
123,59,2,0.03389830508474576,4.0,hersh2022_pacific
70,73,2,0.0273972602739726,3.0,hersh2022_pacific
98,96,2,0.020833333333333332,3.0,hersh2022_pacific
102,52,1,0.019230769230769232,6.0,hersh2022_pacific
110,1,0,0.0,3.0,hersh2022_pacific
175,12,0,0.0,3.0,hersh2022_pacific
172,4,0,0.0,3.0,hersh2022_pacific
168,3,0,0.0,8.0,hersh2022_pacific
166,2,0,0.0,2.5,hersh2022_pacific
165,8,0,0.0,7.5,hersh2022_pacific
185,17,0,0.0,3.0,hersh2022_pacific
190,10,0,0.0,4.0,hersh2022_pacific
99,1,0,0.0,4.0,hersh2022_pacific
109,7,0,0.0,3.0,hersh2022_pacific
162,2,0,0.0,3.0,hersh2022_pacific
140,10,0,0.0,8.0,hersh2022_pacific
159,2,0,0.0,3.0,hersh2022_pacific
132,1,0,0.0,3.0,hersh2022_pacific
128,1,0,0.0,3.0,hersh2022_pacific
126,1,0,0.0,9.0,hersh2022_pacific
100,6,0,0.0,3.0,hersh2022_pacific
