whale_id,Whale
0,hersh2022_pacific::UNK
1,sharma2024_dswp::UNK
2,sharma2024_dswp::local:1
3,sharma2024_dswp::local:10
4,sharma2024_dswp::local:11
5,sharma2024_dswp::local:2
6,sharma2024_dswp::local:3
7,sharma2024_dswp::local:4
8,sharma2024_dswp::local:5
9,sharma2024_dswp::local:6
10,sharma2024_dswp::local:7
11,sharma2024_dswp::local:8
12,sharma2024_dswp::local:9
13,sharma2024_dswp::photo:5125
14,sharma2024_dswp::photo:5126
15,sharma2024_dswp::photo:5130
16,sharma2024_dswp::photo:5133
17,sharma2024_dswp::photo:5151
18,sharma2024_dswp::photo:5560
19,sharma2024_dswp::photo:5561
20,sharma2024_dswp::photo:5562
21,sharma2024_dswp::photo:5563
22,sharma2024_dswp::photo:5586
23,sharma2024_dswp::photo:5589
24,sharma2024_dswp::photo:5703
25,sharma2024_dswp::photo:5712
26,sharma2024_dswp::photo:5719
27,sharma2024_dswp::photo:5720
28,sharma2024_dswp::photo:5722
29,sharma2024_dswp::photo:5726
30,sharma2024_dswp::photo:5727
31,sharma2024_dswp::photo:5759
32,sharma2024_dswp::photo:5973
33,sharma2024_dswp::photo:5978
34,sharma2024_dswp::photo:5979
35,sharma2024_dswp::photo:5981
36,sharma2024_dswp::photo:5981/5978
37,sharma2024_dswp::photo:5987
38,sharma2024_dswp::photo:59871
39,sharma2024_dswp::photo:59871?
40,sharma2024_dswp::photo:6035
41,sharma2024_dswp::photo:6052
42,sharma2024_dswp::photo:6058
43,sharma2024_dswp::photo:6059
44,sharma2024_dswp::photo:6069
45,sharma2024_dswp::photo:6070
46,sharma2024_dswp::photo:6070/6068
47,sharma2024_dswp::photo:9999
48,sharma2025_birth::local:CETI23-277_seg1
49,sharma2025_birth::local:CETI23-277_seg2
50,sharma2025_birth::local:CETI23-277_seg3
51,sharma2025_birth::local:CETI23-277_seg4
52,sharma2025_birth::local:CETI23-277_seg5
53,sharma2025_birth::local:CETI23-277_seg6
54,sharma2025_birth::local:CETI23-277_seg7
55,sharma2025_birth::local:CETI23-277_seg8
56,sharma2025_birth::local:CETI23-278_seg1
57,sharma2025_birth::local:CETI23-278_seg2
58,sharma2025_birth::local:CETI23-278_seg3
59,sharma2025_birth::local:CETI23-278_seg4
60,sharma2025_birth::local:CETI23-278_seg5
61,sharma2025_birth::local:CETI23-278_seg6
62,sharma2025_birth::local:CETI23-279_seg1
63,sharma2025_birth::local:CETI23-279_seg10
64,sharma2025_birth::local:CETI23-279_seg2
65,sharma2025_birth::local:CETI23-279_seg3
66,sharma2025_birth::local:CETI23-279_seg4
67,sharma2025_birth::local:CETI23-279_seg5
68,sharma2025_birth::local:CETI23-279_seg6
69,sharma2025_birth::local:CETI23-279_seg7
70,sharma2025_birth::local:CETI23-279_seg8
71,sharma2025_birth::local:CETI23-279_seg9
72,sharma2025_birth::local:CETI23-280_seg1
73,sharma2025_birth::local:CETI23-280_seg2
74,sharma2025_birth::local:CETI23-280_seg3
75,sharma2025_birth::local:CETI23-280_seg4
76,sharma2025_birth::local:CETI23-281_seg1
77,sharma2025_birth::local:CETI23-281_seg2
78,sharma2025_birth::local:CETI23-281_seg3
79,sharma2025_birth::local:CETI23-281_seg4
80,sharma2025_birth::local:CETI23-281_seg5
81,sharma2025_birth::local:CETI23-281_seg6
82,sharma2025_birth::local:CETI23-282_seg1
83,sharma2025_birth::local:CETI23-282_seg2
84,sharma2025_birth::local:CETI23-282_seg3
85,sharma2025_birth::local:CETI23-282_seg4
86,sharma2025_birth::local:CETI23-282_seg5
87,sharma2025_birth::local:CETI23-283_seg1
88,sharma2025_birth::local:CETI23-283_seg2
89,sharma2025_birth::local:CETI23-283_seg3
90,sharma2025_birth::local:CETI23-283_seg4
91,sharma2025_birth::local:CETI23-283_seg5
92,sharma2025_birth::local:CETI23-283_seg6
93,sharma2025_birth::local:CETI23-283_seg7
94,sharma2025_birth::local:CETI23-283_seg8
95,sharma2025_birth::local:CETI23-283_seg9
96,sharma2025_birth::local:CETI23-285_seg1
97,sharma2025_birth::local:CETI23-285_seg2
98,sharma2025_birth::local:CETI23-285_seg3
99,sharma2025_birth::local:CETI23-285_seg4
100,sharma2025_birth::local:CETI23-285_seg5
101,sharma2025_birth::local:CETI23-285_seg6
102,sharma2025_birth::local:CETI23-286_seg1
103,sharma2025_birth::local:CETI23-286_seg2
104,sharma2025_birth::local:CETI23-286_seg3
105,sharma2025_birth::local:CETI23-286_seg4
106,sharma2025_birth::local:CETI23-286_seg5
107,sharma2025_birth::local:CETI23-287_seg1
108,sharma2025_birth::local:CETI23-287_seg10
109,sharma2025_birth::local:CETI23-287_seg2
110,sharma2025_birth::local:CETI23-287_seg3
111,sharma2025_birth::local:CETI23-287_seg4
112,sharma2025_birth::local:CETI23-287_seg5
113,sharma2025_birth::local:CETI23-287_seg6
114,sharma2025_birth::local:CETI23-287_seg7
115,sharma2025_birth::local:CETI23-287_seg8
116,sharma2025_birth::local:CETI23-287_seg9
117,sharma2025_birth::local:CETI23-288_seg1
118,sharma2025_birth::local:CETI23-288_seg2
119,sharma2025_birth::local:CETI23-288_seg3
120,sharma2025_birth::local:CETI23-288_seg4
121,sharma2025_birth::local:CETI23-288_seg5
122,sharma2025_birth::local:CETI23-289_seg1
123,sharma2025_birth::local:CETI23-289_seg2
124,sharma2025_birth::local:CETI23-289_seg3
125,sharma2025_birth::local:CETI23-289_seg4
126,sharma2025_birth::local:CETI23-289_seg5
127,sharma2025_birth::local:CETI23-290_seg1
128,sharma2025_birth::local:CETI23-290_seg2
129,sharma2025_birth::local:CETI23-290_seg3
130,sharma2025_birth::local:CETI23-290_seg4
131,sharma2025_birth::local:CETI23-291_seg1
132,sharma2025_birth::local:CETI23-291_seg2
133,sharma2025_birth::local:CETI23-291_seg3
134,sharma2025_birth::local:CETI23-292_seg1
135,sharma2025_birth::local:CETI23-292_seg2
136,sharma2025_birth::local:CETI23-292_seg3
137,sharma2025_birth::local:CETI23-292_seg4
138,sharma2025_birth::local:CETI23-292_seg5
139,sharma2025_birth::local:CETI23-292_seg6
140,sharma2025_birth::local:CETI23-293_seg1
141,sharma2025_birth::local:CETI23-293_seg2
142,sharma2025_birth::local:CETI23-293_seg3
143,sharma2025_birth::local:CETI23-293_seg4
144,sharma2025_birth::local:CETI23-293_seg5
145,sharma2025_birth::local:CETI23-293_seg6
146,sharma2025_birth::local:CETI23-293_seg7
147,sharma2025_birth::local:CETI23-293_seg8
148,sharma2025_birth::local:CETI23-294_seg1
149,sharma2025_birth::local:CETI23-294_seg2
150,sharma2025_birth::local:CETI23-294_seg3
