codanum,autovpkcodastr,autovbycoda,mismatchN,mismatchpct,meandist_pk1,meandist_pk2,meandiff_pk1,meandiff_pk2,focal,whale,codatype,handv
4933,iiiii,i,0,0.0,175.78125,117.1875,175.78125,58.59375,True,ATWOOD,1+1+3,i
4934,iiiii,i,0,0.0,175.78125,175.78125,175.78125,117.1875,True,ATWOOD,1+1+3,i
4935,iiiii,i,0,0.0,0.0,234.375,0.0,58.59375,True,ATWOOD,1+1+3,i
4936,iiiii,i,0,0.0,58.59375,117.1875,117.1875,58.59375,True,ATWOOD,1+1+3,i
4937,iiiii,i,0,0.0,0.0,0.0,0.0,0.0,True,ATWOOD,1+1+3,i
4938,iiiii,i,0,0.0,0.0,0.0,0.0,0.0,True,ATWOOD,1+1+3,i
4939,iiiii,i,0,0.0,117.1875,175.78125,58.59375,58.59375,True,ATWOOD,1+1+3,i
4940,iiiii,i,0,0.0,175.78125,58.59375,58.59375,58.59375,True,ATWOOD,1+1+3,i
4941,iiiii,i,0,0.0,234.375,175.78125,58.59375,58.59375,True,ATWOOD,1+1+3,i
4942,iiiii,i,0,0.0,351.5625,58.59375,117.1875,117.1875,True,ATWOOD,1+1+3,i
4943,iiiii,i,0,0.0,234.375,234.375,58.59375,58.59375,True,ATWOOD,1+1+3,i
4944,iiiii,i,0,0.0,0.0,117.1875,0.0,58.59375,True,ATWOOD,1+1+3,i
4945,iiiii,i,0,0.0,234.375,58.59375,234.375,58.59375,True,ATWOOD,1+1+3,i
4946,iiiii,i,0,0.0,117.1875,58.59375,234.375,58.59375,True,ATWOOD,1+1+3,i
4947,iiiii,i,0,0.0,0.0,0.0,0.0,0.0,True,ATWOOD,1+1+3,i
4948,iiiii,i,0,0.0,175.78125,0.0,175.78125,0.0,True,ATWOOD,1+1+3,i
4949,iiiii,i,0,0.0,0.0,117.1875,0.0,117.1875,True,ATWOOD,1+1+3,i
4958,iiiii,i,0,0.0,0.0,58.59375,0.0,58.59375,True,ATWOOD,1+1+3,i
4959,iiiii,i,0,0.0,0.0,58.59375,0.0,117.1875,True,ATWOOD,1+1+3,i
4960,iiiiii,i,0,0.0,281.25,515.625,562.5,375.0,True,ATWOOD,6-NOISE,i
4985,aaaaaaaaa,a,0,0.0,146.484375,,117.1875,,True,ATWOOD,9i,a
4986,aaaaaaaa,a,0,0.0,200.89285714285714,,33.482142857142854,,True,ATWOOD,8i,a
4987,aaaaa,a,0,0.0,0.0,,0.0,,True,ATWOOD,5R1,a
4988,aaaaa,a,0,0.0,117.1875,,58.59375,,True,ATWOOD,5R1,a
4989,aaaaaa,a,0,0.0,93.75,,140.625,,True,ATWOOD,6i,a
4990,aaaaa,a,0,0.0,234.375,,58.59375,,True,ATWOOD,5R1,a
4991,aaaaa,a,0,0.0,58.59375,,117.1875,,True,ATWOOD,5R1,a
4992,aaaaa,a,0,0.0,58.59375,,117.1875,,True,ATWOOD,5R1,a
4993,aaaaa,a,0,0.0,292.96875,,175.78125,,True,ATWOOD,5R1,a
4994,aaaaa,a,0,0.0,468.75,,117.1875,,True,ATWOOD,5R1,a
4995,aaaaaa,a,0,0.0,281.25,,140.625,,True,ATWOOD,6i,a
4996,aaaaa,a,0,0.0,0.0,,0.0,,True,ATWOOD,5R1,a
4997,aaaaa,a,0,0.0,0.0,,0.0,,True,ATWOOD,5R1,a
4998,aaaaa,a,0,0.0,58.59375,,117.1875,,True,ATWOOD,5R1,a
4999,aaaaaa,a,0,0.0,281.25,,140.625,,True,ATWOOD,6i,a
5012,aaaaaa,a,0,0.0,140.625,,140.625,,True,ATWOOD,6i,a
5013,aaaaa,a,0,0.0,234.375,,58.59375,,True,ATWOOD,5R1,a
5014,aaaaa,a,0,0.0,468.75,,117.1875,,True,ATWOOD,5-NOISE,a
5015,aaaaaa,a,0,0.0,281.25,,140.625,,True,ATWOOD,6i,a
5018,iiiiii,i,0,0.0,140.625,140.625,93.75,93.75,True,ATWOOD,6-NOISE,i
5019,iiiii,i,0,0.0,234.375,175.78125,58.59375,58.59375,True,ATWOOD,1+1+3,i
5020,iiiii,i,0,0.0,175.78125,234.375,117.1875,58.59375,True,ATWOOD,1+1+3,i
5021,iiiii,i,0,0.0,0.0,117.1875,0.0,117.1875,True,ATWOOD,1+1+3,i
5022,iiiia,?,1,0.2,0.0,,0.0,,True,ATWOOD,1+1+3,i
5023,iiiaa,?,2,0.4,0.0,,0.0,,True,ATWOOD,1+1+3,i
5024,iiiii,i,0,0.0,58.59375,0.0,117.1875,0.0,True,ATWOOD,1+1+3,i
5025,iiiiia,?,1,0.16666666666666666,140.625,,140.625,,True,ATWOOD,6-NOISE,i
5026,iiiii,i,0,0.0,58.59375,410.15625,117.1875,117.1875,True,ATWOOD,1+1+3,i
5027,iiiii,i,0,0.0,0.0,0.0,0.0,0.0,True,ATWOOD,1+1+3,i
5028,iiiii,i,0,0.0,0.0,175.78125,0.0,175.78125,True,ATWOOD,1+1+3,i
5029,iiiii,i,0,0.0,175.78125,175.78125,58.59375,58.59375,True,ATWOOD,1+1+3,i
5030,iiiaa,?,2,0.4,0.0,,0.0,,True,ATWOOD,1+1+3,i
5031,aaaaaaaa,a,0,0.0,100.44642857142857,,66.96428571428571,,True,ATWOOD,8D,a
5036,iiiii,i,0,0.0,58.59375,58.59375,117.1875,117.1875,True,ATWOOD,1+1+3,i
5037,iiiii,i,0,0.0,0.0,117.1875,0.0,58.59375,True,ATWOOD,1+1+3,i
5038,iiiii,i,0,0.0,410.15625,117.1875,117.1875,175.78125,True,ATWOOD,1+1+3,i
5039,iiiii,i,0,0.0,0.0,0.0,0.0,0.0,True,ATWOOD,1+1+3,i
5040,aaaaa,a,0,0.0,0.0,,0.0,,True,ATWOOD,1+1+3,i
5041,iaaaa,?,1,0.2,175.78125,,234.375,,True,ATWOOD,1+1+3,
5063,aaaaaa,a,0,0.0,984.375,,281.25,,True,ATWOOD,6i,a
5064,aaaaa,a,0,0.0,468.75,,117.1875,,True,ATWOOD,5R1,a
5065,aaaaa,a,0,0.0,937.5,,234.375,,True,ATWOOD,5R1,a
5066,aaaaaa,a,0,0.0,796.875,,234.375,,True,ATWOOD,6i,a
5067,aaaaa,a,0,0.0,117.1875,,175.78125,,True,ATWOOD,5R1,a
5068,aaaaa,a,0,0.0,410.15625,,175.78125,,True,ATWOOD,5-NOISE,a
5069,aaaaa,a,0,0.0,234.375,,58.59375,,True,ATWOOD,5R1,a
5070,aaaaa,a,0,0.0,234.375,,58.59375,,True,ATWOOD,5R1,a
5071,aaaaa,a,0,0.0,0.0,,0.0,,True,ATWOOD,5R1,a
5072,aaaaa,a,0,0.0,234.375,,58.59375,,True,ATWOOD,5R1,a
5073,aaaaaa,a,0,0.0,0.0,,0.0,,True,ATWOOD,6i,a
5074,aaaaa,a,0,0.0,58.59375,,58.59375,,True,ATWOOD,5-NOISE,a
5086,aaaaaa,a,0,0.0,0.0,,0.0,,True,ATWOOD,6-NOISE,a
5087,aaaaaa,a,0,0.0,140.625,,140.625,,True,ATWOOD,6-NOISE,a
5088,aaaaaaaaaa,a,0,0.0,26.041666666666668,,52.083333333333336,,True,ATWOOD,10R,a
5089,aiiii,?,1,0.2,0.0,,0.0,,True,ATWOOD,1+1+3,i
5090,aiaii,?,2,0.4,0.0,,0.0,,True,ATWOOD,1+1+3,i
5091,aaaaa,a,0,0.0,0.0,,0.0,,True,ATWOOD,1+1+3,a
5092,aaaaa,a,0,0.0,175.78125,,58.59375,,True,ATWOOD,1+1+3,a
5093,aaaaa,a,0,0.0,117.1875,,117.1875,,True,ATWOOD,1+1+3,a
5094,iaaaa,?,1,0.2,2285.15625,,644.53125,,True,ATWOOD,1+1+3,a
5095,aaaaa,a,0,0.0,117.1875,,58.59375,,True,ATWOOD,1+1+3,a
5096,aaaaa,a,0,0.0,117.1875,,58.59375,,True,ATWOOD,1+1+3,a
5119,aaaaa,a,0,0.0,0.0,,0.0,,True,ATWOOD,1+1+3,a
5120,aaaaa,a,0,0.0,234.375,,58.59375,,True,ATWOOD,1+1+3,a
5121,aaaaa,a,0,0.0,58.59375,,117.1875,,True,ATWOOD,1+1+3,a
5122,aaaaa,a,0,0.0,0.0,,0.0,,True,ATWOOD,1+1+3,a
5123,aaaaa,a,0,0.0,234.375,,58.59375,,True,ATWOOD,1+1+3,a
5124,aaaaa,a,0,0.0,351.5625,,117.1875,,True,ATWOOD,1+1+3,a
5125,aaaaa,a,0,0.0,58.59375,,117.1875,,True,ATWOOD,1+1+3,a
5126,aaaaa,a,0,0.0,234.375,,58.59375,,True,ATWOOD,1+1+3,a
5127,aaaaaa,a,0,0.0,234.375,,93.75,,True,ATWOOD,6-NOISE,a
5128,aaaaaaaa,a,0,0.0,200.89285714285714,,133.92857142857142,,True,ATWOOD,8D,i
5129,aaaaaaa,a,0,0.0,78.125,,117.1875,,True,ATWOOD,7D2,i
5130,iiiiiiiai,?,1,0.1111111111111111,29.296875,,58.59375,,True,ATWOOD,9-NOISE,i
5160,aaaaa,a,0,0.0,234.375,,58.59375,,True,ATWOOD,5R1,a
5161,aaaaa,a,0,0.0,234.375,,58.59375,,True,ATWOOD,5R1,a
5162,aaaaa,a,0,0.0,410.15625,,234.375,,True,ATWOOD,5R1,a
5163,aaaaa,a,0,0.0,703.125,,234.375,,True,ATWOOD,1+1+3,a
5164,aiaia,?,2,0.4,1464.84375,,1289.0625,,True,ATWOOD,1+1+3,i
5165,aaaaa,a,0,0.0,175.78125,,175.78125,,True,ATWOOD,1+1+3,a
5166,aaaaa,a,0,0.0,58.59375,,117.1875,,True,ATWOOD,1+1+3,a
5167,aiaii,?,2,0.4,1933.59375,,1933.59375,,True,ATWOOD,1+1+3,a
5168,aaiia,?,2,0.4,1640.625,,1582.03125,,True,ATWOOD,1+1+3,a
5169,aaaaaa,a,0,0.0,234.375,,46.875,,True,ATWOOD,6i,a
5170,aaaaa,a,0,0.0,234.375,,58.59375,,True,ATWOOD,5R1,a
5171,aaaaa,a,0,0.0,58.59375,,117.1875,,True,ATWOOD,5R1,a
5172,aaaaa,a,0,0.0,58.59375,,117.1875,,True,ATWOOD,5R1,a
5173,aaaaa,a,0,0.0,292.96875,,175.78125,,True,ATWOOD,5R1,a
5174,aaaaa,a,0,0.0,644.53125,,234.375,,True,ATWOOD,5R1,a
5175,aaaaa,a,0,0.0,703.125,,175.78125,,True,ATWOOD,5R1,a
5190,aaaaa,a,0,0.0,0.0,,0.0,,True,ATWOOD,5R1,a
5191,aaaaa,a,0,0.0,292.96875,,175.78125,,True,ATWOOD,5R1,a
5192,aaaaa,a,0,0.0,351.5625,,175.78125,,True,ATWOOD,5R1,a
5193,aaaaa,a,0,0.0,234.375,,58.59375,,True,ATWOOD,5R1,a
5194,aaaaaaaaaa,a,0,0.0,260.4166666666667,,78.125,,True,ATWOOD,10i,a
5195,aaaaaaaaa,a,0,0.0,205.078125,,29.296875,,True,ATWOOD,9i,a
5196,aaaaa,a,0,0.0,117.1875,,175.78125,,True,ATWOOD,1+1+3,a
5197,aaaaa,a,0,0.0,0.0,,0.0,,True,ATWOOD,1+1+3,a
5198,aaaaa,a,0,0.0,0.0,,0.0,,True,ATWOOD,1+1+3,a
5199,aaaaa,a,0,0.0,0.0,,0.0,,True,ATWOOD,1+1+3,a
5200,aaaaa,a,0,0.0,0.0,,0.0,,True,ATWOOD,1+1+3,a
5201,aaaaa,a,0,0.0,175.78125,,58.59375,,True,ATWOOD,1+1+3,a
5202,aaaaa,a,0,0.0,0.0,,0.0,,True,ATWOOD,1+1+3,a
5203,iiiaa,?,2,0.4,2343.75,,1933.59375,,True,ATWOOD,1+1+3,
5204,aaaaa,a,0,0.0,234.375,,58.59375,,True,ATWOOD,1+1+3,a
5205,aaaaa,a,0,0.0,175.78125,,58.59375,,True,ATWOOD,1+1+3,a
5206,aaaaa,a,0,0.0,58.59375,,117.1875,,True,ATWOOD,1+1+3,a
5207,aaaaaa,a,0,0.0,0.0,,0.0,,True,ATWOOD,6-NOISE,a
5208,aaaaa,a,0,0.0,0.0,,0.0,,True,ATWOOD,1+1+3,a
5209,aaaaa,a,0,0.0,0.0,,0.0,,True,ATWOOD,1+1+3,a
5210,aaaaa,a,0,0.0,117.1875,,58.59375,,True,ATWOOD,1+1+3,a
5212,iaaai,?,2,0.4,1699.21875,,1171.875,,True,ATWOOD,1+1+3,a
5233,aaaaa,a,0,0.0,175.78125,,234.375,,True,ATWOOD,1+1+3,a
5234,aaaaa,a,0,0.0,117.1875,,117.1875,,True,ATWOOD,1+1+3,a
5235,aaaaa,a,0,0.0,292.96875,,117.1875,,True,ATWOOD,1+1+3,a
5236,aaaaa,a,0,0.0,117.1875,,175.78125,,True,ATWOOD,1+1+3,a
5237,aaaaa,a,0,0.0,234.375,,58.59375,,True,ATWOOD,1+1+3,a
5238,aaaaa,a,0,0.0,0.0,,0.0,,True,ATWOOD,1+1+3,a
5239,aaaaa,a,0,0.0,0.0,,0.0,,True,ATWOOD,1+1+3,a
5240,aaaaa,a,0,0.0,117.1875,,117.1875,,True,ATWOOD,1+1+3,a
5249,aaaaaaa,a,0,0.0,156.25,,78.125,,True,ATWOOD,7D2,i
5250,aaaaaaaa,a,0,0.0,0.0,,0.0,,True,ATWOOD,8D,i
5256,iiiii,i,0,0.0,0.0,1464.84375,0.0,410.15625,True,ATWOOD,1+1+3,i
5257,iiiii,i,0,0.0,117.1875,292.96875,175.78125,117.1875,True,ATWOOD,1+1+3,i
5258,iiiii,i,0,0.0,0.0,0.0,0.0,0.0,True,ATWOOD,1+1+3,i
5259,iiaiiiiii,?,1,0.1111111111111111,117.1875,,58.59375,,True,ATWOOD,9-NOISE,i
5260,iiiii,i,0,0.0,175.78125,996.09375,58.59375,351.5625,True,ATWOOD,1+1+3,
5261,iiiii,i,0,0.0,117.1875,0.0,117.1875,0.0,True,ATWOOD,1+1+3,i
5262,iiiii,i,0,0.0,58.59375,117.1875,117.1875,117.1875,True,ATWOOD,1+1+3,i
5263,iiiii,i,0,0.0,0.0,58.59375,0.0,117.1875,True,ATWOOD,1+1+3,i
5264,iiiii,i,0,0.0,0.0,292.96875,0.0,410.15625,True,ATWOOD,1+1+3,i
5265,iiiii,i,0,0.0,117.1875,58.59375,58.59375,117.1875,True,ATWOOD,1+1+3,i
5266,iiiii,i,0,0.0,0.0,117.1875,0.0,234.375,True,ATWOOD,1+1+3,i
5267,iiiii,i,0,0.0,117.1875,175.78125,58.59375,58.59375,True,ATWOOD,1+1+3,i
5268,iiiii,i,0,0.0,58.59375,351.5625,117.1875,527.34375,True,ATWOOD,1+1+3,i
5269,iiiii,i,0,0.0,58.59375,58.59375,58.59375,117.1875,True,ATWOOD,1+1+3,i
5270,iiiii,i,0,0.0,58.59375,0.0,58.59375,0.0,True,ATWOOD,1+1+3,i
5271,iiiii,i,0,0.0,117.1875,58.59375,175.78125,117.1875,True,ATWOOD,1+1+3,i
5272,iiiii,i,0,0.0,117.1875,0.0,175.78125,0.0,True,ATWOOD,1+1+3,i
5273,iiiiii,i,0,0.0,140.625,0.0,140.625,0.0,True,ATWOOD,6-NOISE,i
5274,iiiiii,i,0,0.0,93.75,187.5,93.75,140.625,True,ATWOOD,6-NOISE,i
5275,iiiiii,i,0,0.0,187.5,140.625,140.625,46.875,True,ATWOOD,6-NOISE,i
5283,iiiiii,i,0,0.0,0.0,46.875,0.0,93.75,True,ATWOOD,6-NOISE,i
5284,aiiii,?,1,0.2,0.0,,0.0,,True,ATWOOD,1+1+3,i
5285,iiiii,i,0,0.0,175.78125,0.0,58.59375,0.0,True,ATWOOD,1+1+3,i
5286,iiiii,i,0,0.0,234.375,117.1875,58.59375,175.78125,True,ATWOOD,1+1+3,i
5374,iiiii,i,0,0.0,117.1875,0.0,117.1875,0.0,True,ATWOOD,1+1+3,i
5375,iiiii,i,0,0.0,0.0,0.0,0.0,0.0,True,ATWOOD,1+1+3,i
5376,iiiii,i,0,0.0,58.59375,234.375,117.1875,58.59375,True,ATWOOD,1+1+3,i
5377,iiiii,i,0,0.0,58.59375,58.59375,117.1875,58.59375,True,ATWOOD,1+1+3,i
5387,iiiii,i,0,0.0,0.0,0.0,0.0,0.0,True,ATWOOD,1+1+3,i
5388,iiiii,i,0,0.0,0.0,175.78125,0.0,117.1875,True,ATWOOD,1+1+3,i
5389,iiiii,i,0,0.0,0.0,58.59375,0.0,117.1875,True,ATWOOD,1+1+3,i
5397,iiiii,i,0,0.0,234.375,175.78125,58.59375,117.1875,True,ATWOOD,1+1+3,i
5398,iiiiii,i,0,0.0,234.375,93.75,46.875,93.75,True,ATWOOD,6-NOISE,i
5399,iiiii,i,0,0.0,0.0,175.78125,0.0,175.78125,True,ATWOOD,5-NOISE,i
5400,iiiii,i,0,0.0,0.0,58.59375,0.0,117.1875,True,ATWOOD,5-NOISE,i
5401,iiiii,i,0,0.0,0.0,234.375,0.0,58.59375,True,ATWOOD,1+1+3,i
5402,iiiii,i,0,0.0,234.375,234.375,58.59375,58.59375,True,ATWOOD,1+1+3,i
5403,iiiii,i,0,0.0,234.375,410.15625,58.59375,234.375,True,ATWOOD,1+1+3,i
5404,iiiii,i,0,0.0,0.0,58.59375,0.0,117.1875,True,ATWOOD,1+1+3,i
5405,iiiii,i,0,0.0,234.375,117.1875,58.59375,175.78125,True,ATWOOD,1+1+3,i
5406,iiiii,i,0,0.0,234.375,0.0,58.59375,0.0,True,ATWOOD,1+1+3,i
5407,iiiii,i,0,0.0,234.375,0.0,58.59375,0.0,True,ATWOOD,1+1+3,i
5408,iiiii,i,0,0.0,234.375,234.375,58.59375,58.59375,True,ATWOOD,1+1+3,i
5409,iiiii,i,0,0.0,117.1875,0.0,234.375,0.0,True,ATWOOD,1+1+3,i
5410,iiiii,i,0,0.0,1230.46875,1289.0625,585.9375,937.5,True,ATWOOD,1+1+3,i
5438,aaaaa,a,0,0.0,468.75,,117.1875,,True,ATWOOD,5R1,a
5439,aaaaa,a,0,0.0,527.34375,,234.375,,True,ATWOOD,1+1+3,a
5440,aaaaa,a,0,0.0,234.375,,58.59375,,True,ATWOOD,1+1+3,a
5441,aaaaa,a,0,0.0,117.1875,,234.375,,True,ATWOOD,1+1+3,a
5442,aaaaa,a,0,0.0,117.1875,,117.1875,,True,ATWOOD,1+1+3,a
5443,aaaaa,a,0,0.0,292.96875,,234.375,,True,ATWOOD,1+1+3,a
5444,aaaaa,a,0,0.0,878.90625,,351.5625,,True,ATWOOD,1+1+3,a
5445,aaaaa,a,0,0.0,351.5625,,175.78125,,True,ATWOOD,1+1+3,a
5446,aaaaa,a,0,0.0,175.78125,,58.59375,,True,ATWOOD,1+1+3,a
5447,aaaaa,a,0,0.0,0.0,,0.0,,True,ATWOOD,1+1+3,a
5448,aaaaa,a,0,0.0,0.0,,0.0,,True,ATWOOD,1+1+3,a
5449,aaaaa,a,0,0.0,234.375,,58.59375,,True,ATWOOD,1+1+3,a
5450,aaaaa,a,0,0.0,234.375,,58.59375,,True,ATWOOD,1+1+3,a
5451,aaaaa,a,0,0.0,58.59375,,58.59375,,True,ATWOOD,1+1+3,a
5452,aaaaa,a,0,0.0,0.0,,0.0,,True,ATWOOD,1+1+3,a
5453,aaaaa,a,0,0.0,234.375,,58.59375,,True,ATWOOD,1+1+3,a
5454,aaaaa,a,0,0.0,175.78125,,175.78125,,True,ATWOOD,1+1+3,a
5455,aaaaa,a,0,0.0,234.375,,58.59375,,True,ATWOOD,1+1+3,a
5456,aaaaa,a,0,0.0,58.59375,,58.59375,,True,ATWOOD,1+1+3,a
5457,aaaaa,a,0,0.0,0.0,,0.0,,True,ATWOOD,1+1+3,a
5458,aaaaa,a,0,0.0,175.78125,,175.78125,,True,ATWOOD,1+1+3,a
5459,aaaaa,a,0,0.0,0.0,,0.0,,True,ATWOOD,1+1+3,a
5460,aaaaa,a,0,0.0,117.1875,,58.59375,,True,ATWOOD,1+1+3,a
5461,aaaaa,a,0,0.0,0.0,,0.0,,True,ATWOOD,1+1+3,a
5462,aaaaa,a,0,0.0,234.375,,58.59375,,True,ATWOOD,1+1+3,a
5463,aaaaa,a,0,0.0,175.78125,,58.59375,,True,ATWOOD,5-NOISE,a
5464,aaaaa,a,0,0.0,234.375,,58.59375,,True,ATWOOD,1+1+3,a
5465,aaaaa,a,0,0.0,234.375,,58.59375,,True,ATWOOD,1+1+3,a
5466,aaaaa,a,0,0.0,410.15625,,175.78125,,True,ATWOOD,1+1+3,a
5467,aaaaa,a,0,0.0,175.78125,,58.59375,,True,ATWOOD,1+1+3,a
5468,aaaaa,a,0,0.0,175.78125,,117.1875,,True,ATWOOD,1+1+3,a
5469,aaaaa,a,0,0.0,234.375,,58.59375,,True,ATWOOD,1+1+3,a
5470,aaaaa,a,0,0.0,585.9375,,234.375,,True,ATWOOD,1+1+3,a
5471,aaaaa,a,0,0.0,117.1875,,175.78125,,True,ATWOOD,1+1+3,a
5472,aaaaa,a,0,0.0,117.1875,,117.1875,,True,ATWOOD,1+1+3,a
5473,aaaaa,a,0,0.0,175.78125,,58.59375,,True,ATWOOD,1+1+3,a
5474,aaaaa,a,0,0.0,58.59375,,58.59375,,True,ATWOOD,1+1+3,a
5475,aaaaa,a,0,0.0,351.5625,,117.1875,,True,ATWOOD,1+1+3,a
5476,aaaaa,a,0,0.0,351.5625,,117.1875,,True,ATWOOD,1+1+3,a
5477,aaaa,a,0,0.0,234.375,,78.125,,True,ATWOOD,4-NOISE,a
5478,aaaaa,a,0,0.0,0.0,,0.0,,True,ATWOOD,1+1+3,a
5479,aaaaa,a,0,0.0,410.15625,,234.375,,True,ATWOOD,1+1+3,a
5480,aaaaaaa,a,0,0.0,468.75,,78.125,,True,ATWOOD,7-NOISE,a
5481,aaiai,?,2,0.4,1289.0625,,2050.78125,,True,ATWOOD,1+1+3,
5482,aiiii,?,1,0.2,1230.46875,,410.15625,,True,ATWOOD,1+1+3,
5483,iaiii,?,1,0.2,878.90625,,1757.8125,,True,ATWOOD,1+1+3,
5611,aaaaa,a,0,0.0,527.34375,,410.15625,,True,ATWOOD,1+1+3,a
5612,aaaaa,a,0,0.0,0.0,,0.0,,True,ATWOOD,1+1+3,a
5613,aaaaa,a,0,0.0,0.0,,0.0,,True,ATWOOD,1+1+3,a
5642,aaaaa,a,0,0.0,585.9375,,234.375,,True,ATWOOD,1+1+3,a
5643,aaaaa,a,0,0.0,58.59375,,58.59375,,True,ATWOOD,1+1+3,a
5644,aaaaa,a,0,0.0,117.1875,,58.59375,,True,ATWOOD,1+1+3,a
5645,aaaaa,a,0,0.0,175.78125,,58.59375,,True,ATWOOD,1+1+3,a
5646,aaaaa,a,0,0.0,0.0,,0.0,,True,ATWOOD,1+1+3,a
5647,aaaaa,a,0,0.0,234.375,,58.59375,,True,ATWOOD,1+1+3,a
5648,aaaaa,a,0,0.0,0.0,,0.0,,True,ATWOOD,1+1+3,a
5649,aaaaa,a,0,0.0,117.1875,,175.78125,,True,ATWOOD,1+1+3,a
5650,aaaaaa,a,0,0.0,93.75,,93.75,,True,ATWOOD,6-NOISE,a
5651,aaaaa,a,0,0.0,175.78125,,117.1875,,True,ATWOOD,1+1+3,a
5652,aaaaa,a,0,0.0,58.59375,,58.59375,,True,ATWOOD,1+1+3,a
5653,aaaaa,a,0,0.0,117.1875,,117.1875,,True,ATWOOD,1+1+3,a
5654,aaaaa,a,0,0.0,0.0,,0.0,,True,ATWOOD,1+1+3,a
5655,aaaa,a,0,0.0,312.5,,234.375,,True,ATWOOD,4-NOISE,a
5656,aaaa,a,0,0.0,390.625,,156.25,,True,ATWOOD,4-NOISE,a
5671,aaaaa,a,0,0.0,234.375,,58.59375,,True,ATWOOD,5-NOISE,a
5672,aaaaa,a,0,0.0,351.5625,,351.5625,,True,ATWOOD,1+1+3,a
5673,aaaaa,a,0,0.0,292.96875,,351.5625,,True,ATWOOD,1+1+3,a
5674,aaaaa,a,0,0.0,761.71875,,292.96875,,True,ATWOOD,1+1+3,a
5701,iiiii,i,0,0.0,468.75,703.125,117.1875,351.5625,True,ATWOOD,1+1+3,i
5702,iiiii,i,0,0.0,117.1875,117.1875,58.59375,58.59375,True,ATWOOD,1+1+3,i
5703,aaiii,?,2,0.4,292.96875,,410.15625,,True,ATWOOD,1+1+3,i
5704,iiaai,?,2,0.4,175.78125,,58.59375,,True,ATWOOD,1+1+3,i
5705,iiiia,?,1,0.2,644.53125,,234.375,,True,ATWOOD,1+1+3,i
5706,iiiii,i,0,0.0,527.34375,117.1875,175.78125,175.78125,True,ATWOOD,1+1+3,i
5707,aaiii,?,2,0.4,0.0,,0.0,,True,ATWOOD,1+1+3,i
5708,aaaaa,a,0,0.0,937.5,,292.96875,,True,ATWOOD,1+1+3,a
5709,iiaai,?,2,0.4,1054.6875,,1054.6875,,True,ATWOOD,1+1+3,a
5710,aiiia,?,2,0.4,1230.46875,,1230.46875,,True,ATWOOD,1+1+3,a
5711,iiiii,i,0,0.0,0.0,468.75,0.0,117.1875,True,ATWOOD,1+1+3,i
5712,iiiii,i,0,0.0,0.0,175.78125,0.0,58.59375,True,ATWOOD,1+1+3,i
5713,iiiii,i,0,0.0,0.0,0.0,0.0,0.0,True,ATWOOD,1+1+3,i
5714,iiiii,i,0,0.0,0.0,0.0,0.0,0.0,True,ATWOOD,1+1+3,i
5715,iiiii,i,0,0.0,234.375,0.0,58.59375,0.0,True,ATWOOD,1+1+3,i
5716,iiiii,i,0,0.0,58.59375,0.0,117.1875,0.0,True,ATWOOD,1+1+3,i
5717,iiiii,i,0,0.0,234.375,0.0,58.59375,0.0,True,ATWOOD,1+1+3,i
5718,iiiii,i,0,0.0,175.78125,0.0,175.78125,0.0,True,ATWOOD,1+1+3,i
5719,iiiii,i,0,0.0,58.59375,175.78125,58.59375,175.78125,True,ATWOOD,1+1+3,i
5720,iiiii,i,0,0.0,0.0,58.59375,0.0,117.1875,True,ATWOOD,1+1+3,i
5721,iiiii,i,0,0.0,0.0,175.78125,0.0,58.59375,True,ATWOOD,1+1+3,i
5722,aaaia,?,1,0.2,58.59375,,117.1875,,True,ATWOOD,1+1+3,i
5723,aaiaa,?,1,0.2,0.0,,0.0,,True,ATWOOD,1+1+3,i
5724,aaaaaa,a,0,0.0,93.75,,93.75,,True,ATWOOD,6-NOISE,i
5725,aiiia,?,2,0.4,0.0,,0.0,,True,ATWOOD,1+1+3,i
5726,iiiiii,i,0,0.0,0.0,187.5,0.0,93.75,True,ATWOOD,6-NOISE,i
5727,iiiii,i,0,0.0,0.0,234.375,0.0,58.59375,True,ATWOOD,1+1+3,i
5728,iiiii,i,0,0.0,0.0,175.78125,0.0,58.59375,True,ATWOOD,1+1+3,i
5782,iiiii,i,0,0.0,117.1875,175.78125,58.59375,175.78125,True,ATWOOD,1+1+3,i
5783,iiiii,i,0,0.0,234.375,117.1875,351.5625,175.78125,True,ATWOOD,1+1+3,i
5784,iiiii,i,0,0.0,234.375,117.1875,58.59375,234.375,True,ATWOOD,1+1+3,i
5785,iiiii,i,0,0.0,175.78125,234.375,175.78125,175.78125,True,ATWOOD,1+1+3,i
5787,iiiii,i,0,0.0,175.78125,0.0,117.1875,0.0,True,ATWOOD,1+1+3,i
5788,iiiii,i,0,0.0,175.78125,351.5625,117.1875,585.9375,True,ATWOOD,1+1+3,i
5803,iiiii,i,0,0.0,0.0,117.1875,0.0,58.59375,True,ATWOOD,1+1+3,i
5804,iiiii,i,0,0.0,117.1875,117.1875,58.59375,58.59375,True,ATWOOD,1+1+3,i
5805,aiiii,?,1,0.2,58.59375,,58.59375,,True,ATWOOD,1+1+3,i
5806,iiiii,i,0,0.0,58.59375,0.0,117.1875,0.0,True,ATWOOD,1+1+3,i
5813,iiaai,?,2,0.4,175.78125,,234.375,,True,ATWOOD,1+1+3,i
5814,iaaai,?,2,0.4,117.1875,,58.59375,,True,ATWOOD,1+1+3,i
5842,iiiii,i,0,0.0,117.1875,234.375,175.78125,58.59375,True,ATWOOD,1+1+3,i
5843,iiiii,i,0,0.0,0.0,234.375,0.0,58.59375,True,ATWOOD,1+1+3,i
5844,iiiii,i,0,0.0,0.0,0.0,0.0,0.0,True,ATWOOD,1+1+3,i
5845,iiiii,i,0,0.0,0.0,175.78125,0.0,58.59375,True,ATWOOD,1+1+3,i
5846,iiiii,i,0,0.0,58.59375,292.96875,58.59375,117.1875,True,ATWOOD,1+1+3,i
5847,iiiii,i,0,0.0,0.0,234.375,0.0,58.59375,True,ATWOOD,1+1+3,i
5848,iiiii,i,0,0.0,58.59375,58.59375,117.1875,117.1875,True,ATWOOD,1+1+3,i
5849,iiiii,i,0,0.0,117.1875,117.1875,58.59375,58.59375,True,ATWOOD,1+1+3,i
5850,aiiii,?,1,0.2,58.59375,,117.1875,,True,ATWOOD,1+1+3,i
5851,aiaiia,?,3,0.5,0.0,,0.0,,True,ATWOOD,6-NOISE,i
5852,aaaaa,a,0,0.0,58.59375,,58.59375,,True,ATWOOD,1+1+3,i
5853,aaaaa,a,0,0.0,175.78125,,58.59375,,True,ATWOOD,1+1+3,i
5854,aaaaa,a,0,0.0,117.1875,,117.1875,,True,ATWOOD,1+1+3,i
5881,aaaai,?,1,0.2,585.9375,,585.9375,,True,ATWOOD,1+1+3,a
5882,aiaaa,?,1,0.2,351.5625,,703.125,,True,ATWOOD,1+1+3,a
5883,aaaaa,a,0,0.0,410.15625,,644.53125,,True,ATWOOD,1+1+3,a
5884,aaaaa,a,0,0.0,117.1875,,117.1875,,True,ATWOOD,1+1+3,a
5885,aaaaa,a,0,0.0,175.78125,,175.78125,,True,ATWOOD,1+1+3,a
5886,aaaaa,a,0,0.0,0.0,,0.0,,True,ATWOOD,1+1+3,a
5887,aaaaa,a,0,0.0,0.0,,0.0,,True,ATWOOD,1+1+3,a
5888,aaaaa,a,0,0.0,234.375,,58.59375,,True,ATWOOD,1+1+3,a
5889,aaaaa,a,0,0.0,117.1875,,117.1875,,True,ATWOOD,1+1+3,a
5890,aaaaa,a,0,0.0,234.375,,117.1875,,True,ATWOOD,1+1+3,a
5921,aaaaa,a,0,0.0,0.0,,0.0,,True,ATWOOD,1+1+3,a
5922,aaaaa,a,0,0.0,0.0,,0.0,,True,ATWOOD,1+1+3,a
5923,aaaaa,a,0,0.0,0.0,,0.0,,True,ATWOOD,1+1+3,a
5924,aaaaa,a,0,0.0,117.1875,,58.59375,,True,ATWOOD,1+1+3,a
5925,aaaaa,a,0,0.0,0.0,,0.0,,True,ATWOOD,1+1+3,a
5926,aaaaa,a,0,0.0,0.0,,0.0,,True,ATWOOD,1+1+3,a
5927,aaaaa,a,0,0.0,0.0,,0.0,,True,ATWOOD,1+1+3,a
5928,aaaaa,a,0,0.0,117.1875,,234.375,,True,ATWOOD,1+1+3,a
5929,aaaaa,a,0,0.0,117.1875,,234.375,,True,ATWOOD,1+1+3,a
5930,aaaaa,a,0,0.0,117.1875,,175.78125,,True,ATWOOD,1+1+3,a
6069,iiiii,i,0,0.0,58.59375,996.09375,117.1875,351.5625,True,ATWOOD,1+1+3,i
6070,iiiiii,i,0,0.0,0.0,0.0,0.0,0.0,True,ATWOOD,6i,i
6071,iiiii,i,0,0.0,0.0,234.375,0.0,58.59375,True,ATWOOD,1+1+3,i
6072,iiiii,i,0,0.0,0.0,58.59375,0.0,117.1875,True,ATWOOD,1+1+3,i
6073,iiiii,i,0,0.0,0.0,234.375,0.0,58.59375,True,ATWOOD,1+1+3,i
6074,iiiii,i,0,0.0,0.0,0.0,0.0,0.0,True,ATWOOD,1+1+3,i
6075,iiiii,i,0,0.0,0.0,58.59375,0.0,117.1875,True,ATWOOD,1+1+3,i
6076,iiiii,i,0,0.0,292.96875,292.96875,175.78125,410.15625,True,ATWOOD,1+1+3,i
6108,iaaii,?,2,0.4,1464.84375,,1464.84375,,True,ATWOOD,1+1+3,
6109,aiiii,?,1,0.2,2929.6875,,2695.3125,,True,ATWOOD,1+1+3,
6110,aiiii,?,1,0.2,761.71875,,820.3125,,True,ATWOOD,1+1+3,
6111,aiiii,?,1,0.2,1875.0,,878.90625,,True,ATWOOD,1+1+3,
6112,aiiii,?,1,0.2,585.9375,,761.71875,,True,ATWOOD,1+1+3,
6113,aiiii,?,1,0.2,2109.375,,703.125,,True,ATWOOD,1+1+3,
6148,aaaaaa,a,0,0.0,562.5,,187.5,,True,ATWOOD,6i,a
6149,aaaaa,a,0,0.0,234.375,,58.59375,,True,ATWOOD,5R1,a
6150,aaaaa,a,0,0.0,527.34375,,234.375,,True,ATWOOD,5R1,a
6151,aaaaa,a,0,0.0,292.96875,,175.78125,,True,ATWOOD,5R1,a
6152,aaaaa,a,0,0.0,1054.6875,,644.53125,,True,ATWOOD,5R1,a
6153,aaaaa,a,0,0.0,117.1875,,234.375,,True,ATWOOD,5R1,a
6154,aaaaa,a,0,0.0,761.71875,,234.375,,True,ATWOOD,5R1,a
6155,aaaaa,a,0,0.0,878.90625,,292.96875,,True,ATWOOD,5R1,a
6156,aaaai,?,1,0.2,1230.46875,,351.5625,,True,ATWOOD,5R1,a
6163,aaaaa,a,0,0.0,58.59375,,117.1875,,True,ATWOOD,1+1+3,a
6164,aaaaa,a,0,0.0,117.1875,,117.1875,,True,ATWOOD,1+1+3,a
6165,aaaaa,a,0,0.0,175.78125,,175.78125,,True,ATWOOD,1+1+3,a
6166,aaaaaaaaaa,a,0,0.0,0.0,,0.0,,True,ATWOOD,10R,a
6167,aaaaaa,a,0,0.0,140.625,,46.875,,True,ATWOOD,6-NOISE,a
6168,aaaaaa,a,0,0.0,515.625,,328.125,,True,ATWOOD,6-NOISE,a
6169,aaaaa,a,0,0.0,175.78125,,58.59375,,True,ATWOOD,1+1+3,a
6170,aaaaaa,a,0,0.0,0.0,,0.0,,True,ATWOOD,6-NOISE,a
6171,aaaaa,a,0,0.0,175.78125,,117.1875,,True,ATWOOD,1+1+3,a
6172,aaaaa,a,0,0.0,175.78125,,234.375,,True,ATWOOD,1+1+3,a
6173,aaaaa,a,0,0.0,585.9375,,644.53125,,True,ATWOOD,1+1+3,a
6182,aaaaa,a,0,0.0,351.5625,,175.78125,,True,ATWOOD,1+1+3,a
6183,aaaaa,a,0,0.0,410.15625,,761.71875,,True,ATWOOD,5-NOISE,a
6184,aaaaa,a,0,0.0,175.78125,,175.78125,,True,ATWOOD,1+1+3,a
6189,aaaaa,a,0,0.0,644.53125,,175.78125,,True,ATWOOD,1+1+3,a
6190,aiiaii,?,2,0.3333333333333333,1640.625,,1125.0,,True,ATWOOD,6-NOISE,a
6191,aaaaa,a,0,0.0,0.0,,0.0,,True,ATWOOD,1+1+3,a
6192,aaaaaaaa,a,0,0.0,636.1607142857143,,167.41071428571428,,True,ATWOOD,8D,i
6193,aaaaaaaaa,a,0,0.0,175.78125,,117.1875,,True,ATWOOD,9-NOISE,i
6194,aaaaaaaaa,a,0,0.0,58.59375,,117.1875,,True,ATWOOD,9-NOISE,i
6221,aaaaa,a,0,0.0,117.1875,,117.1875,,True,FORK,1+1+3,a
6222,aaaaa,a,0,0.0,351.5625,,292.96875,,True,FORK,1+1+3,a
6223,aaaaa,a,0,0.0,175.78125,,58.59375,,True,FORK,1+1+3,a
6224,aaaaa,a,0,0.0,234.375,,58.59375,,True,FORK,1+1+3,a
6225,aaaaa,a,0,0.0,175.78125,,234.375,,True,FORK,1+1+3,a
6226,aaaaa,a,0,0.0,117.1875,,117.1875,,True,FORK,1+1+3,a
6227,aaaaa,a,0,0.0,58.59375,,117.1875,,True,FORK,1+1+3,a
6228,aaaaa,a,0,0.0,0.0,,0.0,,True,FORK,1+1+3,a
6229,aaaaa,a,0,0.0,175.78125,,58.59375,,True,FORK,1+1+3,a
6230,aaaaa,a,0,0.0,58.59375,,117.1875,,True,FORK,1+1+3,a
6231,aaaaa,a,0,0.0,117.1875,,234.375,,True,FORK,1+1+3,a
6232,aaaaa,a,0,0.0,234.375,,58.59375,,True,FORK,1+1+3,a
6233,aaaaa,a,0,0.0,234.375,,58.59375,,True,FORK,1+1+3,a
6234,aaaaa,a,0,0.0,175.78125,,175.78125,,True,FORK,1+1+3,a
6235,aaaaa,a,0,0.0,58.59375,,117.1875,,True,FORK,1+1+3,a
6236,iiiiii,i,0,0.0,0.0,421.875,0.0,140.625,True,FORK,6-NOISE,i
6237,iiiiii,i,0,0.0,234.375,703.125,46.875,140.625,True,FORK,6-NOISE,i
6238,iiiiiiiii,i,0,0.0,58.59375,292.96875,87.890625,175.78125,True,FORK,9-NOISE,i
6239,iiiii,i,0,0.0,292.96875,468.75,117.1875,175.78125,True,FORK,1+1+3,i
6267,aaaaaaaaa,a,0,0.0,410.15625,,234.375,,True,FORK,9i,a
6268,iaaaaaaaai,?,2,0.2,781.25,,364.5833333333333,,True,FORK,10i,a
6269,aaaiiaaaa,?,2,0.2222222222222222,556.640625,,468.75,,True,FORK,9i,a
6270,aaaaaaaaa,a,0,0.0,849.609375,,205.078125,,True,FORK,9i,a
6272,iiiii,i,0,0.0,351.5625,410.15625,117.1875,234.375,True,FORK,1+1+3,i
6273,iiiii,i,0,0.0,234.375,234.375,58.59375,58.59375,True,FORK,1+1+3,i
6274,iiiii,i,0,0.0,0.0,175.78125,0.0,58.59375,True,FORK,1+1+3,i
6275,iiiii,i,0,0.0,175.78125,117.1875,117.1875,175.78125,True,FORK,1+1+3,i
6276,iiiii,i,0,0.0,117.1875,410.15625,58.59375,410.15625,True,FORK,1+1+3,i
6277,iiiii,i,0,0.0,0.0,58.59375,0.0,58.59375,True,FORK,1+1+3,i
6278,iiiii,i,0,0.0,0.0,292.96875,0.0,468.75,True,FORK,1+1+3,i
6279,iaiiii,?,1,0.16666666666666666,281.25,,562.5,,True,FORK,6-NOISE,i
6280,iiiii,i,0,0.0,175.78125,234.375,117.1875,58.59375,True,FORK,1+1+3,i
6281,iiiii,i,0,0.0,351.5625,234.375,175.78125,58.59375,True,FORK,1+1+3,i
6282,iiiii,i,0,0.0,58.59375,410.15625,117.1875,117.1875,True,FORK,1+1+3,i
6283,aaaaa,a,0,0.0,527.34375,,234.375,,True,FORK,1+1+3,a
6284,aaaaa,a,0,0.0,175.78125,,117.1875,,True,FORK,1+1+3,a
6285,aaaaa,a,0,0.0,175.78125,,58.59375,,True,FORK,1+1+3,a
6286,aaaaa,a,0,0.0,292.96875,,175.78125,,True,FORK,1+1+3,a
6287,aaaaa,a,0,0.0,292.96875,,175.78125,,True,FORK,1+1+3,a
6288,aaaaa,a,0,0.0,820.3125,,234.375,,True,FORK,1+1+3,a
6289,aaaaa,a,0,0.0,292.96875,,234.375,,True,FORK,1+1+3,a
6290,iiiiiiii,i,0,0.0,133.92857142857142,200.89285714285714,100.44642857142857,100.44642857142857,True,FORK,8D,i
6291,iiiiiiiii,i,0,0.0,58.59375,87.890625,58.59375,117.1875,True,FORK,9-NOISE,i
6292,iiiiiiiiii,i,0,0.0,156.25,182.29166666666666,52.083333333333336,234.375,True,FORK,10-NOISE,i
6330,aaaii,?,2,0.4,585.9375,,175.78125,,True,FORK,1+1+3,i
6331,aaaaa,a,0,0.0,351.5625,,292.96875,,True,FORK,1+1+3,a
6332,aaaaa,a,0,0.0,117.1875,,117.1875,,True,FORK,1+1+3,a
6333,iiiii,i,0,0.0,234.375,585.9375,58.59375,292.96875,True,FORK,1+1+3,i
6334,aaaaa,a,0,0.0,234.375,,58.59375,,True,FORK,1+1+3,i
6335,aaaaa,a,0,0.0,0.0,,0.0,,True,FORK,1+1+3,i
6336,aaaaa,a,0,0.0,292.96875,,175.78125,,True,FORK,1+1+3,i
6337,aaaaa,a,0,0.0,351.5625,,117.1875,,True,FORK,1+1+3,i
6338,aaaaa,a,0,0.0,117.1875,,58.59375,,True,FORK,1+1+3,i
6339,aaaaa,a,0,0.0,58.59375,,58.59375,,True,FORK,1+1+3,i
6340,aaaaa,a,0,0.0,292.96875,,175.78125,,True,FORK,1+1+3,i
6341,aaaaa,a,0,0.0,234.375,,58.59375,,True,FORK,1+1+3,i
6342,aaiaa,?,1,0.2,585.9375,,527.34375,,True,FORK,1+1+3,i
6343,aaaaa,a,0,0.0,234.375,,58.59375,,True,FORK,1+1+3,i
6344,aaaaa,a,0,0.0,0.0,,0.0,,True,FORK,1+1+3,i
6345,aaaaa,a,0,0.0,0.0,,0.0,,True,FORK,1+1+3,i
6346,iaaaa,?,1,0.2,351.5625,,117.1875,,True,FORK,1+1+3,i
6347,iaaia,?,2,0.4,117.1875,,117.1875,,True,FORK,1+1+3,i
6348,iiiiii,i,0,0.0,234.375,328.125,46.875,140.625,True,FORK,6-NOISE,i
6349,aaaiii,?,3,0.5,93.75,,140.625,,True,FORK,6-NOISE,i
6350,aaaaa,a,0,0.0,292.96875,,175.78125,,True,FORK,1+1+3,i
6381,aaaaaaaa,a,0,0.0,234.375,,133.92857142857142,,True,FORK,8i,a
6382,aaaaaaaaa,a,0,0.0,1113.28125,,234.375,,True,FORK,9i,a
6383,aaaaaaaa,a,0,0.0,1171.875,,167.41071428571428,,True,FORK,8i,a
6384,aaaaaaaaa,a,0,0.0,439.453125,,58.59375,,True,FORK,9i,a
6390,aaaaa,a,0,0.0,585.9375,,292.96875,,True,NALGENE,1+1+3,a
6391,aaaa,a,0,0.0,156.25,,234.375,,True,NALGENE,4R2,a
6392,iiaaa,?,2,0.4,175.78125,,58.59375,,True,NALGENE,5R3,a
6393,ai,?,1,0.5,2109.375,,2109.375,,True,NALGENE,2-NOISE,
6394,i,i,0,0.0,,,,,True,NALGENE,1-NOISE,
6395,iii,i,0,0.0,351.5625,703.125,234.375,1171.875,True,NALGENE,3-NOISE,
6396,ai,?,1,0.5,2578.125,,2578.125,,True,NALGENE,2-NOISE,
6397,iai,?,1,0.3333333333333333,468.75,,351.5625,,True,NALGENE,3-NOISE,
6398,iii,i,0,0.0,234.375,468.75,351.5625,937.5,True,NALGENE,3-NOISE,
6399,aii,?,1,0.3333333333333333,2109.375,,1054.6875,,True,NALGENE,3-NOISE,
6400,ia,?,1,0.5,3750.0,,3750.0,,True,NALGENE,2-NOISE,
6401,aaaaiiiaa,?,3,0.3333333333333333,2519.53125,,937.5,,True,NALGENE,9i,a
6402,ii,i,0,0.0,3281.25,234.375,3281.25,234.375,True,,2-NOISE,
6404,iiiii,i,0,0.0,761.71875,468.75,820.3125,468.75,True,TWEAK,1+1+3,i
6405,aiiii,?,1,0.2,2226.5625,,585.9375,,True,TWEAK,1+1+3,i
6406,aiaii,?,2,0.4,1757.8125,,1757.8125,,True,TWEAK,1+1+3,a
6431,aiiii,?,1,0.2,2109.375,,1406.25,,True,TWEAK,1+1+3,
6432,iiiii,i,0,0.0,175.78125,117.1875,117.1875,117.1875,True,TWEAK,1+1+3,
6433,iiiii,i,0,0.0,1054.6875,878.90625,996.09375,996.09375,True,TWEAK,1+1+3,
6434,iiiii,i,0,0.0,58.59375,58.59375,58.59375,58.59375,True,TWEAK,5-NOISE,
6435,iiiii,i,0,0.0,234.375,1113.28125,351.5625,878.90625,True,TWEAK,1+1+3,
6444,aaaaaa,a,0,0.0,609.375,,328.125,,True,TWEAK,6i,a
6445,aaaaa,a,0,0.0,468.75,,292.96875,,True,TWEAK,5R1,a
6446,aaaai,?,1,0.2,468.75,,468.75,,True,TWEAK,5R1,a
6447,aaiaa,?,1,0.2,351.5625,,117.1875,,True,TWEAK,5R1,a
6448,aaaaa,a,0,0.0,1699.21875,,585.9375,,True,TWEAK,1+1+3,a
6449,aiiiia,?,2,0.3333333333333333,2578.125,,1359.375,,True,TWEAK,6-NOISE,
6450,iaiii,?,1,0.2,644.53125,,878.90625,,True,TWEAK,1+1+3,
6451,iaaaa,?,1,0.2,1933.59375,,585.9375,,True,TWEAK,1+1+3,a
6453,aaaaa,a,0,0.0,234.375,,234.375,,True,TWEAK,5R1,a
6454,aaaaa,a,0,0.0,58.59375,,117.1875,,True,TWEAK,5R1,a
6455,aaaaa,a,0,0.0,292.96875,,117.1875,,True,TWEAK,5R1,a
6456,aaaaa,a,0,0.0,292.96875,,234.375,,True,TWEAK,5R1,a
6460,aaaaaa,a,0,0.0,187.5,,46.875,,True,TWEAK,6i,a
6461,aaaaaaaaa,a,0,0.0,908.203125,,351.5625,,True,TWEAK,9i,a
6462,aaaaa,a,0,0.0,234.375,,58.59375,,True,FORK,1+1+3,a
6463,aaaaa,a,0,0.0,234.375,,58.59375,,True,FORK,1+1+3,a
6464,aaaaa,a,0,0.0,117.1875,,58.59375,,True,FORK,1+1+3,a
6465,aaaaa,a,0,0.0,58.59375,,58.59375,,True,FORK,1+1+3,a
6466,aaaaa,a,0,0.0,117.1875,,58.59375,,True,FORK,1+1+3,a
6467,aaaaa,a,0,0.0,0.0,,0.0,,True,FORK,1+1+3,a
6468,aaaaa,a,0,0.0,234.375,,58.59375,,True,FORK,1+1+3,a
6475,aaaaa,a,0,0.0,58.59375,,117.1875,,True,FORK,1+1+3,a
6476,aaiaa,?,1,0.2,117.1875,,175.78125,,True,FORK,1+1+3,i
6477,aaaaa,a,0,0.0,1113.28125,,292.96875,,True,FORK,1+1+3,i
6478,aaaaa,a,0,0.0,0.0,,0.0,,True,FORK,1+1+3,a
6486,aaaaa,a,0,0.0,234.375,,58.59375,,True,FORK,1+1+3,a
6487,aaaaa,a,0,0.0,117.1875,,234.375,,True,FORK,1+1+3,a
6488,aaaaa,a,0,0.0,644.53125,,703.125,,True,FORK,1+1+3,i
6489,aaaaa,a,0,0.0,58.59375,,58.59375,,True,FORK,1+1+3,a
6490,aaaaa,a,0,0.0,117.1875,,117.1875,,True,FORK,1+1+3,a
6491,aaaaa,a,0,0.0,117.1875,,58.59375,,True,FORK,1+1+3,a
6495,aaaaa,a,0,0.0,644.53125,,234.375,,True,FORK,1+1+3,a
6496,aaaaa,a,0,0.0,117.1875,,58.59375,,True,FORK,1+1+3,a
6497,aaaaa,a,0,0.0,0.0,,0.0,,True,FORK,1+1+3,a
6500,aaaaa,a,0,0.0,58.59375,,58.59375,,True,FORK,1+1+3,i
6501,aaiia,?,2,0.4,937.5,,410.15625,,True,FORK,1+1+3,i
6502,aaaaa,a,0,0.0,175.78125,,58.59375,,True,FORK,1+1+3,a
6509,aaaaa,a,0,0.0,234.375,,58.59375,,True,FORK,1+1+3,a
6510,aaaaa,a,0,0.0,0.0,,0.0,,True,FORK,1+1+3,a
6511,aaaaa,a,0,0.0,117.1875,,117.1875,,True,FORK,1+1+3,a
6512,aaaaa,a,0,0.0,234.375,,58.59375,,True,FORK,1+1+3,a
6513,aaaaa,a,0,0.0,0.0,,0.0,,True,FORK,1+1+3,a
6514,aaaaa,a,0,0.0,175.78125,,58.59375,,True,FORK,1+1+3,a
6578,aaaaaa,a,0,0.0,140.625,,93.75,,True,FORK,6i,a
6579,aaaaaaaa,a,0,0.0,368.30357142857144,,100.44642857142857,,True,FORK,8i,a
6580,aaaaaaaaa,a,0,0.0,263.671875,,146.484375,,True,FORK,9i,a
6582,iiaaa,?,2,0.4,585.9375,,175.78125,,True,FORK,1+1+3,i
6583,aaiaa,?,1,0.2,0.0,,0.0,,True,FORK,1+1+3,i
6584,aaiii,?,2,0.4,644.53125,,703.125,,True,FORK,1+1+3,i
6585,aaaaa,a,0,0.0,644.53125,,292.96875,,True,FORK,1+1+3,i
6586,aiaiii,?,2,0.3333333333333333,1500.0,,515.625,,True,FORK,6-NOISE,i
6587,aiaii,?,2,0.4,1640.625,,937.5,,True,FORK,1+1+3,i
6588,iiiii,i,0,0.0,644.53125,351.5625,175.78125,117.1875,True,FORK,1+1+3,i
6589,iiiii,i,0,0.0,410.15625,58.59375,234.375,58.59375,True,FORK,1+1+3,i
6590,iiiii,i,0,0.0,468.75,117.1875,234.375,58.59375,True,FORK,1+1+3,i
6591,iiiii,i,0,0.0,0.0,175.78125,0.0,175.78125,True,FORK,1+1+3,i
6592,iiiii,i,0,0.0,58.59375,117.1875,117.1875,58.59375,True,FORK,1+1+3,i
6593,iiiii,i,0,0.0,0.0,117.1875,0.0,117.1875,True,FORK,1+1+3,i
6594,aaiia,?,2,0.4,1347.65625,,937.5,,True,FORK,1+1+3,i
6595,aiiii,?,1,0.2,1640.625,,410.15625,,True,FORK,1+1+3,i
6596,aiaaa,?,1,0.2,1347.65625,,996.09375,,True,FORK,1+1+3,i
6597,iiaaa,?,2,0.4,234.375,,58.59375,,True,FORK,1+1+3,i
6598,aiiii,?,1,0.2,2050.78125,,527.34375,,True,FORK,1+1+3,i
6599,iaaai,?,2,0.4,58.59375,,58.59375,,True,FORK,1+1+3,i
6600,iaiii,?,1,0.2,58.59375,,117.1875,,True,FORK,1+1+3,i
6601,aaaia,?,1,0.2,292.96875,,175.78125,,True,FORK,1+1+3,i
6621,aaaaa,a,0,0.0,175.78125,,292.96875,,True,FORK,1+1+3,a
6622,aaaaa,a,0,0.0,0.0,,0.0,,True,FORK,1+1+3,a
6623,aaaaa,a,0,0.0,0.0,,0.0,,True,FORK,1+1+3,a
6624,aaaaa,a,0,0.0,58.59375,,117.1875,,True,FORK,1+1+3,a
6625,aaaaa,a,0,0.0,292.96875,,175.78125,,True,FORK,1+1+3,a
6626,aaaaa,a,0,0.0,117.1875,,117.1875,,True,FORK,1+1+3,a
6627,aaaaa,a,0,0.0,0.0,,0.0,,True,FORK,1+1+3,a
6628,aaaaa,a,0,0.0,175.78125,,175.78125,,True,FORK,1+1+3,a
6629,aaaaa,a,0,0.0,117.1875,,175.78125,,True,FORK,1+1+3,a
6630,aaaaa,a,0,0.0,0.0,,0.0,,True,FORK,1+1+3,a
6631,aaaaa,a,0,0.0,0.0,,0.0,,True,FORK,1+1+3,a
6632,aaaaa,a,0,0.0,0.0,,0.0,,True,FORK,1+1+3,a
6633,aaaaa,a,0,0.0,0.0,,0.0,,True,FORK,1+1+3,a
6634,aaaaa,a,0,0.0,117.1875,,117.1875,,True,FORK,1+1+3,a
6635,aaaaa,a,0,0.0,58.59375,,117.1875,,True,FORK,1+1+3,a
6636,aaaaa,a,0,0.0,0.0,,0.0,,True,FORK,1+1+3,a
6637,iiiaa,?,2,0.4,3046.875,,820.3125,,True,FORK,1+1+3,
6638,aaiii,?,2,0.4,585.9375,,234.375,,True,FORK,1+1+3,i
6639,iiiii,i,0,0.0,58.59375,117.1875,58.59375,117.1875,True,FORK,1+1+3,i
6640,aaiii,?,2,0.4,58.59375,,58.59375,,True,FORK,1+1+3,i
6641,iiiii,i,0,0.0,175.78125,117.1875,117.1875,58.59375,True,FORK,1+1+3,i
6642,aaaaa,a,0,0.0,0.0,,0.0,,True,FORK,1+1+3,a
6643,aaaaa,a,0,0.0,0.0,,0.0,,True,FORK,1+1+3,a
6644,aaaaa,a,0,0.0,0.0,,0.0,,True,FORK,1+1+3,
6645,aaaaa,a,0,0.0,0.0,,0.0,,True,FORK,1+1+3,
6646,aaaaa,a,0,0.0,0.0,,0.0,,True,FORK,1+1+3,i
6647,aaaaa,a,0,0.0,58.59375,,117.1875,,True,FORK,1+1+3,i
6648,iaaaa,?,1,0.2,58.59375,,117.1875,,True,FORK,1+1+3,i
6649,aaaaa,a,0,0.0,0.0,,0.0,,True,FORK,1+1+3,i
6650,aaaaaaa,a,0,0.0,234.375,,156.25,,True,FORK,7D2,i
6651,aaaaa,a,0,0.0,0.0,,0.0,,True,FORK,1+1+3,a
6652,aaaaa,a,0,0.0,878.90625,,234.375,,True,FORK,1+1+3,a
6653,aaaaa,a,0,0.0,175.78125,,175.78125,,True,FORK,1+1+3,a
6675,aaaaaaaaa,a,0,0.0,1142.578125,,263.671875,,True,FORK,9i,a
6676,aaaaaaaaa,a,0,0.0,644.53125,,205.078125,,True,FORK,9i,a
6677,aaaaaaaaa,a,0,0.0,58.59375,,29.296875,,True,FORK,9i,a
6678,aaaaaaaaa,a,0,0.0,791.015625,,205.078125,,True,FORK,9i,a
6681,aaaaa,a,0,0.0,117.1875,,175.78125,,True,FORK,5R2,a
6682,aaaaa,a,0,0.0,351.5625,,117.1875,,True,FORK,5R2,a
6683,aaaaa,a,0,0.0,175.78125,,175.78125,,True,FORK,5R2,a
6684,aaaaa,a,0,0.0,175.78125,,117.1875,,True,FORK,5R2,a
6685,aaaaa,a,0,0.0,117.1875,,117.1875,,True,FORK,5R2,a
6686,aaaaa,a,0,0.0,292.96875,,175.78125,,True,FORK,5R2,a
6688,iaiii,?,1,0.2,644.53125,,175.78125,,True,FORK,1+1+3,i
6689,iiiii,i,0,0.0,117.1875,351.5625,58.59375,410.15625,True,FORK,1+1+3,i
6690,iiiii,i,0,0.0,58.59375,117.1875,117.1875,175.78125,True,FORK,1+1+3,i
6691,iiiii,i,0,0.0,0.0,175.78125,0.0,175.78125,True,FORK,1+1+3,i
6692,iiiii,i,0,0.0,0.0,234.375,0.0,175.78125,True,FORK,1+1+3,i
6693,iiiii,i,0,0.0,175.78125,117.1875,58.59375,58.59375,True,FORK,1+1+3,i
6694,aaaaa,a,0,0.0,117.1875,,117.1875,,True,FORK,5R2,a
6695,aaaaa,a,0,0.0,175.78125,,58.59375,,True,FORK,5R2,a
6696,aaaaa,a,0,0.0,527.34375,,175.78125,,True,FORK,5-NOISE,a
6697,aaaaa,a,0,0.0,117.1875,,175.78125,,True,FORK,1+1+3,a
6698,aaaaa,a,0,0.0,234.375,,175.78125,,True,FORK,1+1+3,a
6699,aaaaa,a,0,0.0,117.1875,,117.1875,,True,FORK,1+1+3,a
6700,aaaaa,a,0,0.0,175.78125,,234.375,,True,FORK,1+1+3,a
6701,aaaaa,a,0,0.0,175.78125,,58.59375,,True,FORK,1+1+3,a
6702,aaaaa,a,0,0.0,292.96875,,175.78125,,True,FORK,1+1+3,a
6703,aaaaa,a,0,0.0,292.96875,,175.78125,,True,FORK,1+1+3,a
6704,aaaaa,a,0,0.0,0.0,,0.0,,True,FORK,1+1+3,a
6705,aaaaa,a,0,0.0,175.78125,,175.78125,,True,FORK,1+1+3,a
6706,aaaaa,a,0,0.0,117.1875,,58.59375,,True,FORK,1+1+3,a
6707,aaaaa,a,0,0.0,175.78125,,58.59375,,True,FORK,1+1+3,a
6708,aaaaa,a,0,0.0,58.59375,,58.59375,,True,FORK,1+1+3,a
6709,aaaaii,?,2,0.3333333333333333,984.375,,234.375,,True,FORK,6-NOISE,i
6710,iiiaai,?,2,0.3333333333333333,93.75,,93.75,,True,FORK,6-NOISE,i
6711,iiiiaaa,?,3,0.42857142857142855,156.25,,78.125,,True,FORK,7D2,i
6712,iaaaaai,?,2,0.2857142857142857,117.1875,,39.0625,,True,FORK,7D2,i
6713,iiiiiiiii,i,0,0.0,263.671875,205.078125,117.1875,146.484375,True,FORK,9-NOISE,i
6714,iiiii,i,0,0.0,292.96875,292.96875,175.78125,292.96875,True,FORK,1+1+3,i
6715,iiiii,i,0,0.0,234.375,410.15625,58.59375,117.1875,True,FORK,1+1+3,i
6716,iiiii,i,0,0.0,117.1875,117.1875,58.59375,117.1875,True,FORK,1+1+3,i
6717,iiiii,i,0,0.0,0.0,0.0,0.0,0.0,True,FORK,1+1+3,i
6718,iiiii,i,0,0.0,0.0,234.375,0.0,58.59375,True,FORK,1+1+3,i
6719,iiiii,i,0,0.0,0.0,234.375,0.0,117.1875,True,FORK,1+1+3,i
6720,iiiii,i,0,0.0,117.1875,117.1875,175.78125,175.78125,True,FORK,1+1+3,i
6721,iiiii,i,0,0.0,58.59375,117.1875,117.1875,117.1875,True,FORK,1+1+3,i
6763,aaaaa,a,0,0.0,644.53125,,292.96875,,True,FORK,1+1+3,a
6764,aaaaa,a,0,0.0,351.5625,,117.1875,,True,FORK,1+1+3,a
6765,aaaaa,a,0,0.0,117.1875,,234.375,,True,FORK,1+1+3,a
6766,aaaaa,a,0,0.0,234.375,,234.375,,True,FORK,1+1+3,a
6767,aaaaa,a,0,0.0,527.34375,,175.78125,,True,FORK,1+1+3,a
6768,aaaaa,a,0,0.0,292.96875,,117.1875,,True,FORK,1+1+3,a
6769,aaaaa,a,0,0.0,58.59375,,58.59375,,True,FORK,1+1+3,a
6770,iaaia,?,2,0.4,58.59375,,117.1875,,True,FORK,1+1+3,i
6771,aaaia,?,1,0.2,58.59375,,117.1875,,True,FORK,1+1+3,i
6772,aaaaa,a,0,0.0,117.1875,,117.1875,,True,FORK,1+1+3,i
6773,iaiii,?,1,0.2,175.78125,,58.59375,,True,FORK,1+1+3,i
6782,aaaaa,a,0,0.0,234.375,,468.75,,True,FORK,1+1+3,a
6783,iiiiiii,i,0,0.0,312.5,78.125,117.1875,156.25,True,FORK,7D2,i
6784,iiiiiiii,i,0,0.0,267.85714285714283,0.0,100.44642857142857,0.0,True,FORK,8D,i
6785,iiiiiii,i,0,0.0,195.3125,234.375,39.0625,39.0625,True,FORK,7D2,i
6794,aaaaa,a,0,0.0,1054.6875,,292.96875,,True,FORK,5R2,a
6795,aaaaa,a,0,0.0,117.1875,,58.59375,,True,FORK,5R2,a
6796,aaaaa,a,0,0.0,234.375,,58.59375,,True,FORK,5R2,a
6797,aaaaa,a,0,0.0,58.59375,,58.59375,,True,FORK,5R2,a
6798,aaaaa,a,0,0.0,117.1875,,175.78125,,True,FORK,5R2,a
6799,aaaaa,a,0,0.0,58.59375,,58.59375,,True,FORK,5R2,a
6805,aaaaa,a,0,0.0,0.0,,0.0,,True,FORK,5R2,a
6806,aaaaa,a,0,0.0,175.78125,,58.59375,,True,FORK,5R2,a
6807,aaaaa,a,0,0.0,0.0,,0.0,,True,FORK,5R2,a
6808,aaaaa,a,0,0.0,175.78125,,117.1875,,True,FORK,5R2,a
6809,aaaaa,a,0,0.0,175.78125,,175.78125,,True,FORK,5R2,a
6810,aaaaa,a,0,0.0,351.5625,,468.75,,True,FORK,5R2,a
6811,aaaaa,a,0,0.0,820.3125,,292.96875,,True,FORK,5R2,a
6812,aaaaaa,a,0,0.0,468.75,,93.75,,True,FORK,6i,a
6813,aaaaa,a,0,0.0,468.75,,117.1875,,True,FORK,5R2,a
6814,aaaaa,a,0,0.0,292.96875,,175.78125,,True,FORK,5R2,a
6815,aaaaa,a,0,0.0,58.59375,,117.1875,,True,FORK,5R2,a
6817,iaaaa,?,1,0.2,468.75,,117.1875,,True,FORK,1+1+3,i
6818,iaaaa,?,1,0.2,0.0,,0.0,,True,FORK,1+1+3,i
6819,iaaaa,?,1,0.2,0.0,,0.0,,True,FORK,1+1+3,i
6820,iaaaa,?,1,0.2,0.0,,0.0,,True,FORK,1+1+3,i
6832,aaaii,?,2,0.4,585.9375,,585.9375,,True,FORK,1+1+3,a
6833,aaaaa,a,0,0.0,996.09375,,468.75,,True,FORK,1+1+3,a
6834,aaiii,?,2,0.4,996.09375,,292.96875,,True,FORK,1+1+3,a
6835,aaaaa,a,0,0.0,175.78125,,234.375,,True,FORK,1+1+3,a
6836,aaaii,?,2,0.4,761.71875,,468.75,,True,FORK,1+1+3,a
6837,iaaaa,?,1,0.2,1289.0625,,351.5625,,True,FORK,1+1+3,a
6838,aiaaa,?,1,0.2,644.53125,,1230.46875,,True,FORK,1+1+3,a
6839,aaiai,?,2,0.4,1523.4375,,1875.0,,True,FORK,1+1+3,a
6840,aaaaa,a,0,0.0,351.5625,,351.5625,,True,FORK,1+1+3,a
6841,aaaia,?,1,0.2,527.34375,,996.09375,,True,FORK,1+1+3,a
6842,iaaaa,?,1,0.2,820.3125,,410.15625,,True,FORK,1+1+3,a
6843,aaiaa,?,1,0.2,527.34375,,878.90625,,True,FORK,1+1+3,a
6844,iiiia,?,1,0.2,644.53125,,410.15625,,True,FORK,1+1+3,a
6859,aaiii,?,2,0.4,1171.875,,410.15625,,True,FORK,1+1+3,a
6860,aaiii,?,2,0.4,1699.21875,,527.34375,,True,FORK,1+1+3,a
6861,aaiii,?,2,0.4,1113.28125,,527.34375,,True,FORK,1+1+3,a
6866,aaaaa,a,0,0.0,234.375,,468.75,,True,FORK,1+1+3,a
6867,aaaaa,a,0,0.0,527.34375,,175.78125,,True,FORK,1+1+3,a
6868,aaaaa,a,0,0.0,292.96875,,175.78125,,True,FORK,1+1+3,a
6869,aaaaa,a,0,0.0,468.75,,117.1875,,True,FORK,1+1+3,a
6870,aiaia,?,2,0.4,1406.25,,1816.40625,,True,FORK,1+1+3,a
6871,iaiaa,?,2,0.4,820.3125,,937.5,,True,FORK,1+1+3,a
6872,aaaaa,a,0,0.0,117.1875,,58.59375,,True,FORK,1+1+3,a
6873,aaaaa,a,0,0.0,292.96875,,117.1875,,True,FORK,1+1+3,a
6874,aaaaa,a,0,0.0,117.1875,,117.1875,,True,FORK,1+1+3,a
6887,aaaaa,a,0,0.0,527.34375,,468.75,,True,FORK,1+1+3,a
6888,aaaaa,a,0,0.0,234.375,,175.78125,,True,FORK,1+1+3,a
6889,aaaaaaaa,a,0,0.0,870.5357142857143,,167.41071428571428,,True,FORK,8i,a
6890,aaaaaaaa,a,0,0.0,1406.25,,334.82142857142856,,True,FORK,8i,a
6891,aaaaaaaaa,a,0,0.0,1201.171875,,205.078125,,True,FORK,9i,a
6892,aaaaaaaa,a,0,0.0,468.75,,200.89285714285714,,True,FORK,8i,a
6893,iiiiiiiii,i,0,0.0,87.890625,410.15625,87.890625,234.375,True,PINCHY,9i,i
6894,iiiiiiiii,i,0,0.0,351.5625,878.90625,146.484375,205.078125,True,PINCHY,9i,i
6895,iiiii,i,0,0.0,234.375,644.53125,58.59375,234.375,True,PINCHY,5R2,i
6896,iiiii,i,0,0.0,292.96875,468.75,175.78125,117.1875,True,PINCHY,5R2,i
6897,iiiii,i,0,0.0,1289.0625,1699.21875,585.9375,1230.46875,True,PINCHY,5R2,i
6898,iiiii,i,0,0.0,0.0,58.59375,0.0,58.59375,True,PINCHY,1+1+3,i
6899,iiiii,i,0,0.0,0.0,351.5625,0.0,117.1875,True,PINCHY,1+1+3,i
6900,iaaaa,?,1,0.2,1816.40625,,468.75,,True,PINCHY,1+1+3,a
6901,aaaai,?,1,0.2,878.90625,,996.09375,,True,PINCHY,1+1+3,a
6902,aaaaa,a,0,0.0,117.1875,,117.1875,,True,PINCHY,1+1+3,a
6903,aaaaa,a,0,0.0,58.59375,,117.1875,,True,PINCHY,1+1+3,a
6904,aaaaa,a,0,0.0,175.78125,,117.1875,,True,PINCHY,1+1+3,a
6905,iiiii,i,0,0.0,0.0,292.96875,0.0,292.96875,True,PINCHY,1+1+3,i
6906,iiiii,i,0,0.0,0.0,468.75,0.0,117.1875,True,PINCHY,1+1+3,i
6907,iiiii,i,0,0.0,0.0,0.0,0.0,0.0,True,PINCHY,1+1+3,i
6908,iiiii,i,0,0.0,58.59375,117.1875,117.1875,175.78125,True,PINCHY,1+1+3,i
6909,iiiii,i,0,0.0,58.59375,292.96875,117.1875,175.78125,True,PINCHY,1+1+3,i
6910,iiiii,i,0,0.0,58.59375,234.375,117.1875,58.59375,True,PINCHY,1+1+3,i
6911,iiiii,i,0,0.0,58.59375,0.0,117.1875,0.0,True,PINCHY,1+1+3,i
6912,aaaaa,a,0,0.0,585.9375,,175.78125,,True,PINCHY,1+1+3,a
6913,aaaaa,a,0,0.0,175.78125,,58.59375,,True,PINCHY,1+1+3,a
6914,iiiii,i,0,0.0,292.96875,468.75,175.78125,175.78125,True,PINCHY,1+1+3,i
6930,aaaaa,a,0,0.0,234.375,,351.5625,,True,PINCHY,1+1+3,a
6931,aaaaa,a,0,0.0,234.375,,234.375,,True,PINCHY,1+1+3,a
6932,iiiii,i,0,0.0,0.0,117.1875,0.0,117.1875,True,PINCHY,1+1+3,i
6933,iiiii,i,0,0.0,0.0,58.59375,0.0,58.59375,True,PINCHY,1+1+3,i
6934,iiiii,i,0,0.0,234.375,0.0,58.59375,0.0,True,PINCHY,1+1+3,i
6935,iiiii,i,0,0.0,0.0,234.375,0.0,175.78125,True,PINCHY,1+1+3,i
6936,iiiii,i,0,0.0,58.59375,234.375,58.59375,58.59375,True,PINCHY,1+1+3,i
6937,aaaaa,a,0,0.0,351.5625,,234.375,,True,PINCHY,1+1+3,a
6940,aaaaa,a,0,0.0,292.96875,,292.96875,,True,PINCHY,1+1+3,a
6941,aaaaa,a,0,0.0,175.78125,,58.59375,,True,PINCHY,1+1+3,a
6942,aiaaa,?,1,0.2,703.125,,820.3125,,True,PINCHY,1+1+3,a
6943,aaaaa,a,0,0.0,234.375,,58.59375,,True,PINCHY,1+1+3,a
6944,iaiai,?,2,0.4,1171.875,,1464.84375,,True,PINCHY,1+1+3,
6945,iiiii,i,0,0.0,0.0,58.59375,0.0,117.1875,True,PINCHY,1+1+3,i
6946,aaaaa,a,0,0.0,468.75,,175.78125,,True,PINCHY,1+1+3,a
6947,iiiii,i,0,0.0,0.0,58.59375,0.0,117.1875,True,PINCHY,1+1+3,i
6948,iiiii,i,0,0.0,0.0,58.59375,0.0,58.59375,True,PINCHY,1+1+3,i
6949,iiiii,i,0,0.0,58.59375,0.0,117.1875,0.0,True,PINCHY,1+1+3,i
6950,iiiii,i,0,0.0,0.0,58.59375,0.0,117.1875,True,PINCHY,1+1+3,i
6951,iiiii,i,0,0.0,58.59375,0.0,117.1875,0.0,True,PINCHY,1+1+3,i
6952,aaaaa,a,0,0.0,58.59375,,117.1875,,True,PINCHY,1+1+3,a
6953,aaaaa,a,0,0.0,175.78125,,58.59375,,True,PINCHY,1+1+3,a
6954,aaaaa,a,0,0.0,468.75,,117.1875,,True,PINCHY,1+1+3,a
6955,aaaaa,a,0,0.0,351.5625,,234.375,,True,PINCHY,1+1+3,a
6956,aiiii,?,1,0.2,175.78125,,58.59375,,True,PINCHY,1+1+3,i
6957,iiiii,i,0,0.0,58.59375,175.78125,58.59375,175.78125,True,PINCHY,1+1+3,i
6958,iaiiiii,?,1,0.14285714285714285,273.4375,,546.875,,True,PINCHY,7i,i
6969,iiiii,i,0,0.0,175.78125,175.78125,58.59375,58.59375,True,PINCHY,1+1+3,i
6970,iiiii,i,0,0.0,0.0,0.0,0.0,0.0,True,PINCHY,1+1+3,i
6971,iiiii,i,0,0.0,175.78125,58.59375,175.78125,117.1875,True,PINCHY,1+1+3,i
6972,iiiii,i,0,0.0,0.0,234.375,0.0,58.59375,True,PINCHY,1+1+3,i
6973,iiiii,i,0,0.0,0.0,175.78125,0.0,58.59375,True,PINCHY,1+1+3,i
6974,iiiii,i,0,0.0,234.375,175.78125,58.59375,117.1875,True,PINCHY,1+1+3,i
6975,iiiii,i,0,0.0,0.0,292.96875,0.0,175.78125,True,PINCHY,1+1+3,i
6976,iiiii,i,0,0.0,117.1875,117.1875,58.59375,58.59375,True,PINCHY,1+1+3,i
6977,iiiii,i,0,0.0,0.0,0.0,0.0,0.0,True,PINCHY,1+1+3,i
6998,iaaaa,?,1,0.2,1523.4375,,468.75,,True,PINCHY,1+1+3,a
6999,aaaaa,a,0,0.0,234.375,,58.59375,,True,PINCHY,1+1+3,a
7000,aaaaa,a,0,0.0,234.375,,58.59375,,True,PINCHY,1+1+3,a
7001,aaaaa,a,0,0.0,410.15625,,117.1875,,True,PINCHY,1+1+3,a
7002,aaaaa,a,0,0.0,234.375,,175.78125,,True,PINCHY,1+1+3,a
7007,aaaaaaaaa,a,0,0.0,498.046875,,175.78125,,True,PINCHY,9i,a
7008,aaaaaaaa,a,0,0.0,200.89285714285714,,167.41071428571428,,True,PINCHY,8i,a
7009,aaaaaaaa,a,0,0.0,334.82142857142856,,200.89285714285714,,True,PINCHY,8i,a
7010,aaaaaaaa,a,0,0.0,334.82142857142856,,167.41071428571428,,True,PINCHY,8i,a
7011,aaaaa,a,0,0.0,585.9375,,175.78125,,True,PINCHY,5R1,a
7012,aaaaa,a,0,0.0,468.75,,117.1875,,True,PINCHY,5R1,a
7013,aaaaa,a,0,0.0,234.375,,58.59375,,True,PINCHY,5R1,a
7014,aaaaa,a,0,0.0,175.78125,,175.78125,,True,PINCHY,5R1,a
7015,aaaaa,a,0,0.0,117.1875,,175.78125,,True,PINCHY,5R1,a
7016,aaaaa,a,0,0.0,351.5625,,117.1875,,True,PINCHY,5R1,a
7017,aaaaa,a,0,0.0,234.375,,58.59375,,True,PINCHY,5R1,a
7018,aaaaa,a,0,0.0,175.78125,,58.59375,,True,PINCHY,5R1,a
7059,iaaaa,?,1,0.2,58.59375,,117.1875,,True,PINCHY,1+1+3,i
7060,aiiii,?,1,0.2,1406.25,,585.9375,,True,PINCHY,1+1+3,i
7061,aiaaa,?,1,0.2,175.78125,,175.78125,,True,PINCHY,1+1+3,i
7062,aiiii,?,1,0.2,58.59375,,58.59375,,True,PINCHY,1+1+3,i
7063,aaaaa,a,0,0.0,175.78125,,117.1875,,True,PINCHY,1+1+3,a
7064,aaaaa,a,0,0.0,175.78125,,58.59375,,True,PINCHY,1+1+3,a
7065,iiiii,i,0,0.0,0.0,117.1875,0.0,175.78125,True,PINCHY,1+1+3,i
7066,iiiii,i,0,0.0,175.78125,58.59375,58.59375,58.59375,True,PINCHY,1+1+3,i
7067,iiiia,?,1,0.2,410.15625,,117.1875,,True,PINCHY,1+1+3,i
7068,aiiaa,?,2,0.4,761.71875,,1113.28125,,True,PINCHY,1+1+3,a
7069,aaaaa,a,0,0.0,234.375,,58.59375,,True,PINCHY,1+1+3,i
7070,iaaaa,?,1,0.2,58.59375,,117.1875,,True,PINCHY,1+1+3,a
7071,aaaaa,a,0,0.0,117.1875,,58.59375,,True,PINCHY,1+1+3,a
7072,aaaaa,a,0,0.0,175.78125,,58.59375,,True,PINCHY,1+1+3,a
7073,aaaaa,a,0,0.0,58.59375,,117.1875,,True,PINCHY,1+1+3,a
7077,iiiii,i,0,0.0,703.125,644.53125,175.78125,234.375,True,PINCHY,1+1+3,i
7078,aiiii,?,1,0.2,175.78125,,117.1875,,True,PINCHY,1+1+3,i
7079,iiiii,i,0,0.0,117.1875,175.78125,58.59375,58.59375,True,PINCHY,1+1+3,i
7083,iiiii,i,0,0.0,0.0,703.125,0.0,175.78125,True,PINCHY,1+1+3,i
7084,iiiii,i,0,0.0,0.0,234.375,0.0,58.59375,True,PINCHY,1+1+3,i
7085,iiiii,i,0,0.0,0.0,58.59375,0.0,117.1875,True,PINCHY,1+1+3,i
7104,iiiii,i,0,0.0,234.375,175.78125,58.59375,58.59375,True,PINCHY,1+1+3,i
7105,iiiii,i,0,0.0,117.1875,117.1875,58.59375,117.1875,True,PINCHY,1+1+3,i
7106,iiiii,i,0,0.0,234.375,234.375,175.78125,58.59375,True,PINCHY,1+1+3,i
7107,iiiii,i,0,0.0,117.1875,234.375,58.59375,58.59375,True,PINCHY,1+1+3,i
7108,iiiii,i,0,0.0,117.1875,234.375,234.375,58.59375,True,PINCHY,1+1+3,i
7109,iiiii,i,0,0.0,58.59375,0.0,117.1875,0.0,True,PINCHY,1+1+3,i
7110,iiiii,i,0,0.0,0.0,0.0,0.0,0.0,True,PINCHY,1+1+3,i
7111,iiiii,i,0,0.0,0.0,58.59375,0.0,117.1875,True,PINCHY,1+1+3,i
7112,iiiii,i,0,0.0,58.59375,175.78125,117.1875,117.1875,True,PINCHY,1+1+3,i
7113,iiii,i,0,0.0,234.375,156.25,78.125,78.125,True,PINCHY,4-NOISE,i
7114,iaiaa,?,2,0.4,1582.03125,,1113.28125,,True,PINCHY,1+1+3,a
7115,aaaaa,a,0,0.0,175.78125,,117.1875,,True,PINCHY,1+1+3,a
7116,aaaaa,a,0,0.0,0.0,,0.0,,True,PINCHY,1+1+3,a
7117,aaaaa,a,0,0.0,234.375,,58.59375,,True,PINCHY,1+1+3,a
7118,aaaia,?,1,0.2,585.9375,,1171.875,,True,PINCHY,1+1+3,a
7119,aaaaa,a,0,0.0,234.375,,234.375,,True,PINCHY,1+1+3,a
7158,aaaaa,a,0,0.0,351.5625,,117.1875,,True,PINCHY,1+1+3,a
7159,aaaaa,a,0,0.0,58.59375,,58.59375,,True,PINCHY,1+1+3,a
7160,aaaaa,a,0,0.0,58.59375,,117.1875,,True,PINCHY,1+1+3,a
7161,aaaaa,a,0,0.0,175.78125,,175.78125,,True,PINCHY,1+1+3,a
7165,aaaaa,a,0,0.0,58.59375,,58.59375,,True,PINCHY,5R1,a
7166,aaaaa,a,0,0.0,175.78125,,58.59375,,True,PINCHY,5R1,a
7167,aaaaa,a,0,0.0,58.59375,,117.1875,,True,PINCHY,5R1,a
7171,aaaaa,a,0,0.0,175.78125,,117.1875,,True,PINCHY,5R1,a
7172,iaiia,?,2,0.4,1230.46875,,1582.03125,,True,PINCHY,5R1,a
7173,aaaaa,a,0,0.0,58.59375,,117.1875,,True,PINCHY,5R1,a
7174,aaaaa,a,0,0.0,234.375,,117.1875,,True,PINCHY,5R1,a
7175,aaaaa,a,0,0.0,58.59375,,58.59375,,True,PINCHY,5R1,a
7178,aaaaa,a,0,0.0,175.78125,,175.78125,,True,PINCHY,1+1+3,a
7179,aaaaa,a,0,0.0,0.0,,0.0,,True,PINCHY,1+1+3,a
7180,aaaaa,a,0,0.0,234.375,,58.59375,,True,PINCHY,1+1+3,a
7181,aaaaa,a,0,0.0,175.78125,,351.5625,,True,PINCHY,1+1+3,a
7182,aaaaa,a,0,0.0,117.1875,,234.375,,True,PINCHY,1+1+3,a
7183,aaaaa,a,0,0.0,527.34375,,234.375,,True,PINCHY,1+1+3,a
7184,aaaaa,a,0,0.0,175.78125,,58.59375,,True,PINCHY,1+1+3,a
7185,aaaaa,a,0,0.0,234.375,,351.5625,,True,PINCHY,1+1+3,a
7186,aaaaa,a,0,0.0,58.59375,,117.1875,,True,PINCHY,1+1+3,a
7187,aaaaa,a,0,0.0,175.78125,,175.78125,,True,PINCHY,1+1+3,a
7205,iaaaa,?,1,0.2,585.9375,,468.75,,True,PINCHY,5R1,a
7206,aaaaa,a,0,0.0,175.78125,,117.1875,,True,PINCHY,5R1,a
7207,aaaaa,a,0,0.0,410.15625,,234.375,,True,PINCHY,5R1,a
7208,aaaaa,a,0,0.0,468.75,,117.1875,,True,PINCHY,5R1,a
7209,aaaaa,a,0,0.0,1230.46875,,351.5625,,True,PINCHY,5R1,a
7210,aaaaa,a,0,0.0,351.5625,,234.375,,True,PINCHY,5R1,a
7211,aaaaa,a,0,0.0,0.0,,0.0,,True,PINCHY,5R1,a
7227,iiiii,i,0,0.0,410.15625,878.90625,175.78125,351.5625,True,FORK,1+1+3,
7228,aiiii,?,1,0.2,0.0,,0.0,,True,FORK,1+1+3,
7229,iiiii,i,0,0.0,117.1875,58.59375,175.78125,58.59375,True,FORK,1+1+3,i
7230,iiiii,i,0,0.0,996.09375,1054.6875,468.75,585.9375,True,FORK,1+1+3,i
7231,iiiii,i,0,0.0,878.90625,878.90625,878.90625,937.5,True,FORK,1+1+3,i
7232,iaiii,?,1,0.2,292.96875,,292.96875,,True,FORK,1+1+3,
7233,iiiii,i,0,0.0,175.78125,1230.46875,117.1875,410.15625,True,FORK,1+1+3,i
7234,iiiii,i,0,0.0,996.09375,996.09375,351.5625,351.5625,True,FORK,1+1+3,
7235,iiiii,i,0,0.0,234.375,351.5625,58.59375,117.1875,True,FORK,1+1+3,i
7236,iiiii,i,0,0.0,0.0,117.1875,0.0,117.1875,True,FORK,1+1+3,i
7237,aaaaa,a,0,0.0,468.75,,117.1875,,True,FORK,1+1+3,a
7238,aaaaa,a,0,0.0,117.1875,,58.59375,,True,FORK,1+1+3,a
7239,aaaaa,a,0,0.0,58.59375,,58.59375,,True,FORK,1+1+3,a
7284,aaiaa,?,1,0.2,644.53125,,351.5625,,True,FORK,1+1+3,a
7285,iiiaa,?,2,0.4,644.53125,,410.15625,,True,FORK,1+1+3,i
7286,iaaaa,?,1,0.2,703.125,,351.5625,,True,FORK,1+1+3,i
7287,iaiii,?,1,0.2,292.96875,,351.5625,,True,FORK,1+1+3,i
7288,iiiii,i,0,0.0,0.0,410.15625,0.0,117.1875,True,FORK,1+1+3,i
7297,aaaaa,a,0,0.0,234.375,,175.78125,,True,FORK,5R2,a
7298,aaaaa,a,0,0.0,58.59375,,117.1875,,True,FORK,5R2,a
7299,aaaaa,a,0,0.0,468.75,,117.1875,,True,FORK,5R2,a
7300,aaaaa,a,0,0.0,58.59375,,117.1875,,True,FORK,5R2,a
7379,aaaaiaaai,?,2,0.2222222222222222,1933.59375,,849.609375,,True,FORK,9i,a
7380,aaaaaaaaa,a,0,0.0,644.53125,,175.78125,,True,FORK,9i,a
7381,aaaaaaaaa,a,0,0.0,615.234375,,292.96875,,True,FORK,9i,a
7382,aaaaaaaa,a,0,0.0,669.6428571428571,,200.89285714285714,,True,FORK,8i,a
7383,aaaaaaaa,a,0,0.0,167.41071428571428,,100.44642857142857,,True,FORK,8i,a
7384,aaaaaaaa,a,0,0.0,133.92857142857142,,100.44642857142857,,True,FORK,8i,a
7385,aaaii,?,2,0.4,1582.03125,,1171.875,,True,FORK,5R2,a
7386,aaaaa,a,0,0.0,292.96875,,468.75,,True,FORK,5R2,a
7387,aaaaa,a,0,0.0,468.75,,175.78125,,True,FORK,5R2,a
7388,aaaaa,a,0,0.0,292.96875,,175.78125,,True,FORK,5R2,a
7389,aaaaa,a,0,0.0,292.96875,,117.1875,,True,FORK,5R2,a
7390,aaaaa,a,0,0.0,234.375,,292.96875,,True,FORK,5R2,a
7391,aaaaa,a,0,0.0,351.5625,,117.1875,,True,FORK,5R2,a
7452,iiiii,i,0,0.0,1406.25,878.90625,2519.53125,1171.875,True,FORK,5R1,
7453,iiiii,i,0,0.0,58.59375,0.0,117.1875,0.0,True,FORK,5R1,
7454,iiiia,?,1,0.2,527.34375,,527.34375,,True,FORK,5R1,
7458,iiiaa,?,2,0.4,4335.9375,,1113.28125,,True,FORK,5R2,
7459,aaaaa,a,0,0.0,0.0,,0.0,,True,FORK,5R2,
7486,a,a,0,0.0,,,,,True,,1-NOISE,
7523,aaaaa,a,0,0.0,117.1875,,58.59375,,True,TBB,1+1+3,a
7524,aaaaa,a,0,0.0,175.78125,,58.59375,,True,TBB,1+1+3,a
7525,aaaaa,a,0,0.0,0.0,,0.0,,True,TBB,1+1+3,a
7526,aaaaa,a,0,0.0,58.59375,,117.1875,,True,TBB,1+1+3,a
7527,aaaaa,a,0,0.0,0.0,,0.0,,True,TBB,1+1+3,a
7551,aaaaaaa,a,0,0.0,976.5625,,195.3125,,True,TBB,7i,a
7552,aaaii,?,2,0.4,1640.625,,585.9375,,True,TBB,5R1,a
7553,aaaaa,a,0,0.0,58.59375,,117.1875,,True,TBB,5R1,a
7554,aaaaa,a,0,0.0,58.59375,,117.1875,,True,TBB,5R1,a
7555,aaaaa,a,0,0.0,58.59375,,117.1875,,True,TBB,5R1,a
7556,iaiaa,?,2,0.4,878.90625,,878.90625,,True,TBB,5R1,a
7557,iaaaa,?,1,0.2,292.96875,,585.9375,,True,TBB,5R1,i
7558,aaiaa,?,1,0.2,937.5,,1289.0625,,True,TBB,5R1,i
7559,aaaaa,a,0,0.0,0.0,,0.0,,True,TBB,5R1,i
7564,aaaaa,a,0,0.0,175.78125,,58.59375,,True,TBB,5R1,a
7565,aaaaa,a,0,0.0,117.1875,,58.59375,,True,TBB,5R1,a
7566,aaaaa,a,0,0.0,58.59375,,58.59375,,True,TBB,5R1,a
7567,aaaaa,a,0,0.0,0.0,,0.0,,True,TBB,5R1,a
7568,aaaaa,a,0,0.0,0.0,,0.0,,True,TBB,5R1,a
7569,aaaaa,a,0,0.0,0.0,,0.0,,True,TBB,5R1,a
7570,aiiia,?,2,0.4,292.96875,,117.1875,,True,TBB,5R1,a
7571,aaaaa,a,0,0.0,175.78125,,58.59375,,True,TBB,5R1,a
7572,aaaaa,a,0,0.0,117.1875,,175.78125,,True,TBB,5R1,a
7573,aaaaa,a,0,0.0,527.34375,,175.78125,,True,TBB,5R1,a
7584,iiiii,i,0,0.0,0.0,0.0,0.0,0.0,True,TBB,1+1+3,i
7585,iiiai,?,1,0.2,117.1875,,234.375,,True,TBB,1+1+3,i
7586,iiaaa,?,2,0.4,58.59375,,117.1875,,True,TBB,1+1+3,i
7587,iiiii,i,0,0.0,0.0,234.375,0.0,58.59375,True,TBB,1+1+3,i
7588,aaaaa,a,0,0.0,703.125,,351.5625,,True,TBB,1+1+3,i
7589,aaaaa,a,0,0.0,234.375,,58.59375,,True,TBB,1+1+3,i
7590,aaaaa,a,0,0.0,703.125,,234.375,,True,TBB,1+1+3,i
7591,aaaaa,a,0,0.0,468.75,,117.1875,,True,TBB,1+1+3,i
7607,aaaaa,a,0,0.0,1523.4375,,410.15625,,True,TBB,5R1,a
7608,aaaaa,a,0,0.0,410.15625,,234.375,,True,TBB,5R1,a
7609,aaaaa,a,0,0.0,234.375,,58.59375,,True,TBB,5R1,a
7610,aaaaa,a,0,0.0,175.78125,,58.59375,,True,TBB,5R1,a
7611,aaaaa,a,0,0.0,0.0,,0.0,,True,TBB,5R1,a
7612,aaiii,?,2,0.4,1933.59375,,644.53125,,True,TBB,5R1,a
7619,aaaai,?,1,0.2,820.3125,,761.71875,,True,TBB,5-NOISE,a
7620,aiiii,?,1,0.2,2343.75,,585.9375,,True,TBB,5R1,i
7621,aiiii,?,1,0.2,1875.0,,468.75,,True,TBB,5R1,i
7622,iiiii,i,0,0.0,58.59375,58.59375,58.59375,58.59375,True,TBB,5R1,i
7623,iiiii,i,0,0.0,234.375,117.1875,58.59375,117.1875,True,TBB,5R1,i
7624,iiiii,i,0,0.0,234.375,0.0,58.59375,0.0,True,TBB,5R1,i
7625,iiiii,i,0,0.0,234.375,117.1875,58.59375,175.78125,True,TBB,5R1,i
7626,iiiia,?,1,0.2,585.9375,,410.15625,,True,TBB,5R1,i
7627,iiiii,i,0,0.0,175.78125,58.59375,175.78125,117.1875,True,TBB,5R1,i
7628,iiiii,i,0,0.0,234.375,117.1875,58.59375,175.78125,True,TBB,5R1,i
7629,aiiii,?,1,0.2,2519.53125,,703.125,,True,TBB,5R1,i
7642,aaiii,?,2,0.4,410.15625,,175.78125,,True,SAM,5R1,i
7643,aaaaa,a,0,0.0,175.78125,,175.78125,,True,SAM,5R1,a
7644,aaaii,?,2,0.4,175.78125,,117.1875,,True,SAM,5R1,
7645,aaaaa,a,0,0.0,527.34375,,468.75,,True,SAM,5R1,a
7655,aaaaa,a,0,0.0,117.1875,,58.59375,,True,SAM,5R1,a
7656,aaaaa,a,0,0.0,58.59375,,117.1875,,True,SAM,5R1,a
7657,aaaaa,a,0,0.0,0.0,,0.0,,True,SAM,5R1,a
7658,aaaaa,a,0,0.0,234.375,,58.59375,,True,SAM,5R1,a
7659,aaaaa,a,0,0.0,0.0,,0.0,,True,SAM,5R1,a
7660,aaiii,?,2,0.4,1523.4375,,585.9375,,True,SAM,5R1,
7661,aaaaa,a,0,0.0,351.5625,,117.1875,,True,SAM,5R1,a
7662,aaaaa,a,0,0.0,58.59375,,58.59375,,True,SAM,5R1,a
7663,aaaaa,a,0,0.0,0.0,,0.0,,True,SAM,5R1,a
7664,aaaaa,a,0,0.0,0.0,,0.0,,True,SAM,5R1,a
7671,aaaaaaa,a,0,0.0,351.5625,,156.25,,True,SAM,7i,a
7672,aaaaaaa,a,0,0.0,39.0625,,78.125,,True,SAM,7i,a
7673,aaaaa,a,0,0.0,410.15625,,117.1875,,True,SAM,5R1,a
7674,aaaaa,a,0,0.0,234.375,,117.1875,,True,SAM,5R1,a
7675,aaaaa,a,0,0.0,58.59375,,58.59375,,True,SAM,5R1,a
7676,aaaaa,a,0,0.0,175.78125,,58.59375,,True,SAM,5R1,a
7677,aaaaa,a,0,0.0,117.1875,,58.59375,,True,SAM,5R1,a
7678,aaaaa,a,0,0.0,292.96875,,117.1875,,True,SAM,5R1,a
7679,aaaaa,a,0,0.0,351.5625,,117.1875,,True,SAM,5R1,a
7680,aaaaa,a,0,0.0,58.59375,,58.59375,,True,SAM,5R1,a
7681,aaaaa,a,0,0.0,175.78125,,117.1875,,True,SAM,5R1,a
7682,aaaaa,a,0,0.0,234.375,,58.59375,,True,SAM,5R1,a
7689,aaaaa,a,0,0.0,0.0,,0.0,,True,SAM,5R1,a
7690,aaaaa,a,0,0.0,351.5625,,117.1875,,True,SAM,5R1,a
7691,aaaaa,a,0,0.0,175.78125,,175.78125,,True,SAM,5R1,a
7692,aaaaa,a,0,0.0,117.1875,,58.59375,,True,SAM,5R1,a
7693,aaaaa,a,0,0.0,58.59375,,58.59375,,True,SAM,5R1,a
7694,aaaaa,a,0,0.0,175.78125,,58.59375,,True,SAM,5R1,a
7695,aaaaa,a,0,0.0,117.1875,,58.59375,,True,SAM,5R1,a
7696,aaaaa,a,0,0.0,175.78125,,58.59375,,True,SAM,5R1,a
7697,aaaaa,a,0,0.0,234.375,,58.59375,,True,SAM,5R1,a
7698,aaaaa,a,0,0.0,175.78125,,58.59375,,True,SAM,5R1,a
7699,aaaaa,a,0,0.0,58.59375,,117.1875,,True,SAM,5R1,a
7700,aaaaa,a,0,0.0,0.0,,0.0,,True,SAM,5R1,a
7712,aaaaa,a,0,0.0,585.9375,,292.96875,,True,SAM,1+1+3,a
7713,aaaaa,a,0,0.0,117.1875,,58.59375,,True,SAM,1+1+3,a
7714,aaaii,?,2,0.4,0.0,,0.0,,True,SAM,2+3,i
7715,iiiii,i,0,0.0,0.0,117.1875,0.0,117.1875,True,SAM,2+3,i
7716,aaaaa,a,0,0.0,58.59375,,117.1875,,True,SAM,1+1+3,i
7730,iiiii,i,0,0.0,644.53125,58.59375,234.375,58.59375,True,SAM,5R1,i
7731,aaaaa,a,0,0.0,58.59375,,117.1875,,True,SAM,5R1,a
7732,aaaaa,a,0,0.0,0.0,,0.0,,True,SAM,5R1,a
7733,aaaaa,a,0,0.0,117.1875,,58.59375,,True,SAM,5R1,a
7734,aaaaa,a,0,0.0,703.125,,175.78125,,True,SAM,5R1,a
7735,aaaaa,a,0,0.0,0.0,,0.0,,True,SAM,5R1,a
7736,aaaaa,a,0,0.0,234.375,,58.59375,,True,SAM,5R1,a
7737,aaaaa,a,0,0.0,0.0,,0.0,,True,SAM,5R1,a
7738,aaaaa,a,0,0.0,468.75,,175.78125,,True,SAM,5R1,a
7739,aaaaa,a,0,0.0,0.0,,0.0,,True,SAM,5R1,a
7740,aaaaa,a,0,0.0,585.9375,,292.96875,,True,SAM,5R1,a
7770,aaaaaaaa,a,0,0.0,904.0178571428571,,301.3392857142857,,True,TBB,8i,a
7771,aaaaa,a,0,0.0,117.1875,,117.1875,,True,TBB,5R1,a
7772,aaaaa,a,0,0.0,117.1875,,58.59375,,True,TBB,5R1,a
7773,aaaaa,a,0,0.0,58.59375,,117.1875,,True,TBB,5R1,a
7774,aaaaa,a,0,0.0,234.375,,292.96875,,True,TBB,5R1,a
7775,aaaaa,a,0,0.0,175.78125,,58.59375,,True,TBB,5R1,a
7776,aaaaaa,a,0,0.0,375.0,,281.25,,True,TBB,6i,a
7784,aaaaa,a,0,0.0,996.09375,,410.15625,,True,TBB,5R1,a
7785,aaaaa,a,0,0.0,820.3125,,292.96875,,True,TBB,5R1,a
7786,aaaaa,a,0,0.0,292.96875,,175.78125,,True,TBB,5R1,a
7787,aiaii,?,2,0.4,1699.21875,,1816.40625,,True,TBB,1+1+3,a
7788,aaiii,?,2,0.4,2050.78125,,761.71875,,True,TBB,1+1+3,a
7807,aaaaaa,a,0,0.0,281.25,,281.25,,True,TBB,6i,a
7808,aaaaa,a,0,0.0,410.15625,,175.78125,,True,TBB,5R1,a
7809,aaaaa,a,0,0.0,292.96875,,234.375,,True,TBB,5R1,a
7814,iiiii,i,0,0.0,585.9375,2226.5625,175.78125,996.09375,True,LAIUS,1+1+3,
7815,iiiii,i,0,0.0,292.96875,937.5,292.96875,468.75,True,LAIUS,1+1+3,
7816,iiiii,i,0,0.0,234.375,1406.25,58.59375,351.5625,True,LAIUS,1+1+3,
7817,iiiii,i,0,0.0,0.0,117.1875,0.0,117.1875,True,LAIUS,1+1+3,
7818,iiiii,i,0,0.0,0.0,292.96875,0.0,175.78125,True,LAIUS,1+1+3,
7819,iiiii,i,0,0.0,117.1875,117.1875,117.1875,58.59375,True,LAIUS,1+1+3,
7820,iiiii,i,0,0.0,234.375,234.375,175.78125,351.5625,True,LAIUS,1+1+3,
7821,iiiii,i,0,0.0,351.5625,410.15625,234.375,117.1875,True,LAIUS,1+1+3,
7822,iiiii,i,0,0.0,0.0,117.1875,0.0,117.1875,True,LAIUS,1+1+3,
7823,iaiii,?,1,0.2,878.90625,,1054.6875,,True,LAIUS,1+1+3,
7833,iiiii,i,0,0.0,58.59375,0.0,117.1875,0.0,True,LAIUS,1+1+3,i
7834,iiiii,i,0,0.0,175.78125,1406.25,292.96875,1640.625,True,LAIUS,1+1+3,
7841,aaiii,?,2,0.4,1406.25,,468.75,,True,LAIUS,1+1+3,a
7842,aaaaa,a,0,0.0,527.34375,,644.53125,,True,LAIUS,1+1+3,a
7843,aiiai,?,2,0.4,2109.375,,1933.59375,,True,LAIUS,1+1+3,a
7844,iiaaa,?,2,0.4,1523.4375,,644.53125,,True,LAIUS,1+1+3,a
7845,aaaaa,a,0,0.0,996.09375,,292.96875,,True,LAIUS,1+1+3,a
7846,iiiaa,?,2,0.4,1464.84375,,996.09375,,True,LAIUS,1+1+3,a
7847,aaiia,?,2,0.4,1171.875,,1464.84375,,True,LAIUS,1+1+3,a
7848,iiiia,?,1,0.2,1054.6875,,1113.28125,,True,LAIUS,1+1+3,a
7849,aiiia,?,2,0.4,1992.1875,,937.5,,True,LAIUS,1+1+3,a
7850,aaaaa,a,0,0.0,410.15625,,468.75,,True,LAIUS,1+1+3,a
7851,iiiii,i,0,0.0,234.375,292.96875,58.59375,410.15625,True,LAIUS,1+1+3,i
7852,aiiii,?,1,0.2,117.1875,,175.78125,,True,LAIUS,1+1+3,i
7853,iiiii,i,0,0.0,58.59375,351.5625,117.1875,117.1875,True,LAIUS,1+1+3,
7872,aaaaa,a,0,0.0,410.15625,,234.375,,True,SOPH,5R1,a
7873,aaaaa,a,0,0.0,0.0,,0.0,,True,SOPH,5R1,a
7874,aaaai,?,1,0.2,175.78125,,234.375,,True,SOPH,1+1+3,
7875,iaaaa,?,1,0.2,410.15625,,117.1875,,True,SOPH,1+1+3,
7876,iaaaa,?,1,0.2,175.78125,,58.59375,,True,SOPH,1+1+3,
7877,iaaaa,?,1,0.2,0.0,,0.0,,True,SOPH,1+1+3,
7878,aiaai,?,2,0.4,1289.0625,,1640.625,,True,SOPH,1+1+3,
7879,aaaia,?,1,0.2,351.5625,,117.1875,,True,SOPH,1+1+3,
7880,aiaai,?,2,0.4,1054.6875,,292.96875,,True,SOPH,1+1+3,
7881,aaaaa,a,0,0.0,410.15625,,234.375,,True,SOPH,1+1+3,
7882,aaaaa,a,0,0.0,527.34375,,585.9375,,True,SOPH,1+1+3,
7883,aaaaa,a,0,0.0,175.78125,,175.78125,,True,SOPH,1+1+3,
7884,aaaaa,a,0,0.0,,,,,True,SOPH,1+1+3,
7885,aaaaa,a,0,0.0,234.375,,58.59375,,True,SOPH,5R1,a
7886,aaaaa,a,0,0.0,468.75,,175.78125,,True,SOPH,5R1,a
7887,aaaaa,a,0,0.0,117.1875,,175.78125,,True,SOPH,5R1,a
7905,aaaaa,a,0,0.0,58.59375,,117.1875,,True,SOPH,5R1,a
7906,iiiaa,?,2,0.4,1757.8125,,820.3125,,True,SOPH,5R1,a
7915,iiiii,i,0,0.0,1816.40625,703.125,468.75,410.15625,True,SOPH,1+1+3,
7916,iiiia,?,1,0.2,58.59375,,117.1875,,True,SOPH,1+1+3,
7917,iiiia,?,1,0.2,410.15625,,117.1875,,True,SOPH,1+1+3,
7918,aiiii,?,1,0.2,937.5,,644.53125,,True,SOPH,1+1+3,
7919,iiiii,i,0,0.0,292.96875,0.0,175.78125,0.0,True,SOPH,1+1+3,
7920,iiiii,i,0,0.0,117.1875,117.1875,58.59375,234.375,True,SOPH,1+1+3,
7921,iiiii,i,0,0.0,292.96875,351.5625,117.1875,410.15625,True,SOPH,1+1+3,
7922,aiiii,?,1,0.2,2226.5625,,703.125,,True,SOPH,1+1+3,
7923,aaiii,?,2,0.4,1757.8125,,585.9375,,True,SOPH,1+1+3,
7924,iiiii,i,0,0.0,1054.6875,234.375,351.5625,58.59375,True,SOPH,1+1+3,i
7925,iiiii,i,0,0.0,410.15625,0.0,351.5625,0.0,True,SOPH,1+1+3,i
7926,aaaii,?,2,0.4,0.0,,0.0,,True,SOPH,1+1+3,i
7927,aiiii,?,1,0.2,0.0,,0.0,,True,SOPH,1+1+3,i
7928,iiaii,?,1,0.2,58.59375,,117.1875,,True,SOPH,1+1+3,i
7929,iiiii,i,0,0.0,0.0,351.5625,0.0,117.1875,True,SOPH,1+1+3,i
7930,iiiii,i,0,0.0,234.375,234.375,58.59375,410.15625,True,SOPH,1+1+3,i
7931,iiiii,i,0,0.0,58.59375,292.96875,117.1875,410.15625,True,SOPH,1+1+3,i
7932,iiaii,?,1,0.2,58.59375,,117.1875,,True,SOPH,1+1+3,i
7933,aiiii,?,1,0.2,1171.875,,468.75,,True,SOPH,1+1+3,i
7934,iiiii,i,0,0.0,58.59375,996.09375,117.1875,351.5625,True,SOPH,1+1+3,i
7935,iiiii,i,0,0.0,351.5625,351.5625,585.9375,527.34375,True,SOPH,1+1+3,i
7936,iiiii,i,0,0.0,0.0,58.59375,0.0,58.59375,True,SOPH,1+1+3,i
7937,aiiii,?,1,0.2,58.59375,,58.59375,,True,SOPH,1+1+3,i
8016,iaaaaaaa,?,1,0.125,2712.0535714285716,,502.23214285714283,,True,SOPH,8i,a
8017,aaaaaaaa,a,0,0.0,435.26785714285717,,368.30357142857144,,True,SOPH,8i,a
8018,aaaaa,a,0,0.0,234.375,,58.59375,,True,SOPH,5R1,a
8019,aaaaa,a,0,0.0,292.96875,,468.75,,True,SOPH,5R1,a
8020,aaaaaa,a,0,0.0,140.625,,281.25,,True,SOPH,6i,a
8021,aaaaaa,a,0,0.0,281.25,,281.25,,True,SOPH,6i,a
8024,aaaaaa,a,0,0.0,328.125,,375.0,,True,SOPH,6i,a
8025,iaiii,?,1,0.2,410.15625,,234.375,,True,SOPH,1+1+3,
8026,aaaii,?,2,0.4,937.5,,820.3125,,True,SOPH,1+1+3,
8027,iiiii,i,0,0.0,234.375,175.78125,58.59375,117.1875,True,SOPH,1+1+3,
8028,iaiii,?,1,0.2,1230.46875,,937.5,,True,SOPH,1+1+3,
8034,aiiiii,?,1,0.16666666666666666,421.875,,234.375,,True,,6R,
8035,iiiii,i,0,0.0,2285.15625,3750.0,1113.28125,1230.46875,True,,5R3,
8036,iiiia,?,1,0.2,175.78125,,175.78125,,True,,5-NOISE,
8037,iiii,i,0,0.0,2656.25,1484.375,3984.375,2031.25,True,,4R2,
8038,iiii,i,0,0.0,0.0,390.625,0.0,156.25,True,,4R2,
8039,iiiaa,?,2,0.4,234.375,,58.59375,,True,,5-NOISE,
8040,iiaaa,?,2,0.4,0.0,,0.0,,True,,5-NOISE,
8048,aaaaa,a,0,0.0,410.15625,,117.1875,,True,,5R3,
8049,aaaa,a,0,0.0,390.625,,156.25,,True,,4-NOISE,
8050,aaaa,a,0,0.0,312.5,,156.25,,True,,4R2,
8063,iiaaaaaa,?,2,0.25,1071.4285714285713,,234.375,,True,,8-NOISE,
8064,iiiia,?,1,0.2,0.0,,0.0,,True,,5R3,
8065,iiaaa,?,2,0.4,234.375,,58.59375,,True,,5R3,
8066,aaiaa,?,1,0.2,351.5625,,234.375,,True,,5R3,
8067,aaaaa,a,0,0.0,410.15625,,292.96875,,True,,5R3,
8068,aaaaa,a,0,0.0,468.75,,117.1875,,True,,5R3,
8069,aiiaa,?,2,0.4,937.5,,761.71875,,True,,5R3,
8076,aaaaaaaaa,a,0,0.0,146.484375,,87.890625,,True,,9R,
8077,aaaaaaaiia,?,2,0.2,468.75,,468.75,,True,,10R,
8078,aaaaaaaaa,a,0,0.0,263.671875,,87.890625,,True,,9R,
8079,aiaaiiiiia,?,4,0.4,729.1666666666666,,338.5416666666667,,True,,10R,
8080,aaaiiiiiia,?,4,0.4,781.25,,729.1666666666666,,True,,10R,
8081,iaaaiiiii,?,3,0.3333333333333333,1142.578125,,380.859375,,True,,9R,
8082,iiiii,i,0,0.0,878.90625,2109.375,410.15625,761.71875,True,,5R3,
8089,aaaaa,a,0,0.0,58.59375,,117.1875,,True,,5R3,
8090,iiiii,i,0,0.0,175.78125,0.0,58.59375,0.0,True,,5R3,
8091,iiiii,i,0,0.0,117.1875,234.375,117.1875,58.59375,True,,5R3,
8093,iaaia,?,2,0.4,3164.0625,,2988.28125,,True,,5R3,
8111,iiiii,i,0,0.0,175.78125,292.96875,58.59375,292.96875,True,,5-NOISE,
8112,aaaaa,a,0,0.0,410.15625,,175.78125,,True,,5-NOISE,
8118,aaaa,a,0,0.0,312.5,,156.25,,True,,4R2,
8119,aaiaa,?,1,0.2,585.9375,,351.5625,,True,,5R3,
8120,aaaaa,a,0,0.0,175.78125,,175.78125,,True,,5R3,
8121,aaaaa,a,0,0.0,703.125,,175.78125,,True,,5R3,
8122,aiiii,?,1,0.2,1816.40625,,527.34375,,True,,5R3,
8123,aiaaa,?,1,0.2,703.125,,175.78125,,True,,5R3,
8124,aiiaa,?,2,0.4,351.5625,,292.96875,,True,,5R3,
8125,iiaaa,?,2,0.4,351.5625,,175.78125,,True,,5R3,
8126,aiiia,?,2,0.4,175.78125,,117.1875,,True,,5R3,
8127,iiiii,i,0,0.0,3691.40625,3164.0625,1054.6875,1171.875,True,,5R3,
8128,aiiaa,?,2,0.4,1230.46875,,1054.6875,,True,,5R3,
8129,aiiii,?,1,0.2,1582.03125,,2402.34375,,True,,5R3,
8130,iiaii,?,1,0.2,4453.125,,1113.28125,,True,,5R3,
8156,iaaaaa,?,1,0.16666666666666666,2812.5,,562.5,,True,,6R,
8157,aiiii,?,1,0.2,,,,,True,,5R3,
8158,iiiii,i,0,0.0,175.78125,58.59375,292.96875,117.1875,True,,5R3,
8159,iiaaa,?,2,0.4,2109.375,,703.125,,True,,5R3,
8169,iaaaiaaaa,?,2,0.2222222222222222,2343.75,,937.5,,True,FRUIT,9i,a
8170,iaaaaaaa,?,1,0.125,1406.25,,200.89285714285714,,True,FRUIT,8i,a
8171,iaaaaaaaa,?,1,0.1111111111111111,29.296875,,29.296875,,True,FRUIT,9i,a
8172,aaaaaaaaaa,a,0,0.0,1770.8333333333333,,234.375,,True,FRUIT,10i,a
8173,iaaaaaaaa,?,1,0.1111111111111111,175.78125,,87.890625,,True,FRUIT,9i,a
8174,iaaaaaaaa,?,1,0.1111111111111111,1845.703125,,263.671875,,True,FRUIT,9i,a
8175,aaaaaaaaaa,a,0,0.0,911.4583333333334,,130.20833333333334,,True,FRUIT,10i,a
8176,aaaaaaa,a,0,0.0,703.125,,117.1875,,True,FRUIT,7i,a
8177,aaaa,a,0,0.0,156.25,,78.125,,True,FRUIT,4R2,a
8178,aaaa,a,0,0.0,78.125,,78.125,,True,FRUIT,4R2,a
8179,aaaa,a,0,0.0,234.375,,78.125,,True,FRUIT,4R2,a
8180,aaaa,a,0,0.0,781.25,,390.625,,True,FRUIT,4R2,a
8181,aaaa,a,0,0.0,390.625,,234.375,,True,FRUIT,4R2,a
8182,aaaa,a,0,0.0,156.25,,234.375,,True,FRUIT,4R2,a
8183,aaaa,a,0,0.0,78.125,,156.25,,True,FRUIT,4R2,a
8205,iiiii,i,0,0.0,2578.125,585.9375,644.53125,234.375,True,FRUIT,5R1,i
8206,aaiii,?,2,0.4,703.125,,175.78125,,True,FRUIT,5R1,i
8207,aiiia,?,2,0.4,468.75,,937.5,,True,FRUIT,5R1,
8208,aaaaa,a,0,0.0,585.9375,,292.96875,,True,FRUIT,5R1,a
8209,aaaaa,a,0,0.0,703.125,,234.375,,True,FRUIT,5R1,a
8210,aaaaa,a,0,0.0,175.78125,,58.59375,,True,FRUIT,5R1,a
8211,aaaaa,a,0,0.0,117.1875,,58.59375,,True,FRUIT,5R1,a
8212,aaaa,a,0,0.0,390.625,,156.25,,True,FRUIT,4R2,a
8213,aaaa,a,0,0.0,78.125,,78.125,,True,FRUIT,4R2,a
8214,aaaa,a,0,0.0,468.75,,156.25,,True,FRUIT,4R2,a
8215,aaaa,a,0,0.0,312.5,,234.375,,True,FRUIT,4R2,a
8232,aiai,?,2,0.5,1328.125,,2656.25,,True,FRUIT,4-NOISE,
8233,iaaaa,?,1,0.2,1816.40625,,527.34375,,True,FRUIT,1+1+3,a
8234,iiiaa,?,2,0.4,996.09375,,351.5625,,True,FRUIT,1+1+3,i
8235,aiiii,?,1,0.2,1640.625,,585.9375,,True,FRUIT,1+1+3,i
8236,aiiii,?,1,0.2,1816.40625,,468.75,,True,FRUIT,1+1+3,
8237,aaaaa,a,0,0.0,0.0,,0.0,,True,FRUIT,5-NOISE,a
8238,aaaaaa,a,0,0.0,140.625,,46.875,,True,FRUIT,6-NOISE,a
8239,aaaa,a,0,0.0,78.125,,78.125,,True,FRUIT,4R2,
8240,aaaaa,a,0,0.0,234.375,,175.78125,,True,FRUIT,1+1+3,
8241,iiiii,i,0,0.0,175.78125,644.53125,58.59375,175.78125,True,FRUIT,1+1+3,i
8242,iiiii,i,0,0.0,117.1875,175.78125,175.78125,175.78125,True,FRUIT,1+1+3,i
8243,iaai,?,2,0.5,0.0,,0.0,,True,FRUIT,4R2,
8244,iaiii,?,1,0.2,351.5625,,351.5625,,True,FRUIT,1+1+3,
8245,aaii,?,2,0.5,234.375,,156.25,,True,FRUIT,4R2,
8246,iiia,?,1,0.25,546.875,,312.5,,True,FRUIT,4R2,
8247,aiaa,?,1,0.25,156.25,,78.125,,True,FRUIT,4R2,
8248,aiaa,?,1,0.25,312.5,,156.25,,True,FRUIT,4R2,
8249,aiaaa,?,1,0.2,351.5625,,117.1875,,True,FRUIT,1+1+3,
8262,aaaai,?,1,0.2,0.0,,0.0,,True,FRUIT,5R1,
8263,aiiaa,?,2,0.4,0.0,,0.0,,True,FRUIT,5R1,
8264,iiaaa,?,2,0.4,175.78125,,58.59375,,True,FRUIT,5R1,
8265,aaaaa,a,0,0.0,58.59375,,58.59375,,True,FRUIT,5R1,
8266,iiiii,i,0,0.0,175.78125,703.125,58.59375,234.375,True,FRUIT,5R1,
8274,aiiii,?,1,0.2,820.3125,,761.71875,,True,SOURSOP,5R3,
8275,iiii,i,0,0.0,0.0,156.25,0.0,312.5,True,SOURSOP,4R2,
8276,iiii,i,0,0.0,546.875,156.25,546.875,78.125,True,SOURSOP,4R2,
8277,iiii,i,0,0.0,78.125,390.625,78.125,390.625,True,SOURSOP,4R2,
8278,iiaa,?,2,0.5,156.25,,312.5,,True,SOURSOP,4R2,
8279,aiii,?,1,0.25,2031.25,,2812.5,,True,SOURSOP,4R2,
8280,iiii,i,0,0.0,78.125,625.0,78.125,312.5,True,SOURSOP,4R2,
8281,iiiii,i,0,0.0,1289.0625,1171.875,937.5,1347.65625,True,SOURSOP,1+1+3,
8282,iiiii,i,0,0.0,117.1875,644.53125,175.78125,410.15625,True,SOURSOP,1+1+3,
8283,iiii,i,0,0.0,1093.75,2031.25,2187.5,1328.125,True,SOURSOP,4R2,
8284,iaaa,?,1,0.25,468.75,,156.25,,True,SOURSOP,4R2,
8285,iiiia,?,1,0.2,996.09375,,351.5625,,True,SOURSOP,1+1+3,
8286,iiiii,i,0,0.0,1406.25,2460.9375,1992.1875,2167.96875,True,SOURSOP,1+1+3,
8302,aaaii,?,2,0.4,351.5625,,468.75,,True,SOURSOP,1+1+3,
8303,iaiaa,?,2,0.4,117.1875,,117.1875,,True,SOURSOP,1+1+3,
8304,aiaaai,?,2,0.3333333333333333,468.75,,703.125,,True,SOURSOP,6-NOISE,
8305,aiiia,?,2,0.4,234.375,,58.59375,,True,SOURSOP,1+1+3,
8306,iiiii,i,0,0.0,117.1875,1230.46875,234.375,1933.59375,True,SOURSOP,1+1+3,
8307,iiiii,i,0,0.0,0.0,937.5,0.0,937.5,True,SOURSOP,1+1+3,
8308,iiiii,i,0,0.0,117.1875,1054.6875,58.59375,410.15625,True,SOURSOP,1+1+3,
8309,aaiia,?,2,0.4,351.5625,,175.78125,,True,SOURSOP,1+1+3,
8324,iiii,i,0,0.0,1875.0,1328.125,2890.625,2187.5,True,SOURSOP,4R2,
8325,iiii,i,0,0.0,1484.375,1875.0,1093.75,1250.0,True,SOURSOP,4R2,
8326,iiai,?,1,0.25,2265.625,,1328.125,,True,SOURSOP,4R2,
8327,aaaaaaaa,a,0,0.0,435.26785714285717,,502.23214285714283,,True,SOURSOP,8i,a
8328,aaaaai,?,1,0.16666666666666666,750.0,,656.25,,True,SOURSOP,6i,a
8329,iaaaa,?,1,0.2,527.34375,,527.34375,,True,SOURSOP,5R1,a
8330,aaaaaa,a,0,0.0,984.375,,328.125,,True,SOURSOP,6i,a
8331,aiaaa,?,1,0.2,351.5625,,234.375,,True,SOURSOP,5R1,a
8337,aaaaa,a,0,0.0,175.78125,,58.59375,,True,SOURSOP,5R1,a
8338,aaaaa,a,0,0.0,0.0,,0.0,,True,SOURSOP,5R1,a
8339,aaaaa,a,0,0.0,175.78125,,58.59375,,True,SOURSOP,5R1,a
8340,aaaaa,a,0,0.0,234.375,,175.78125,,True,SOURSOP,5R1,a
8341,aaaaa,a,0,0.0,234.375,,58.59375,,True,SOURSOP,5R1,a
8342,aaii,?,2,0.5,937.5,,1015.625,,True,SOPH,4-NOISE,
8343,aaaaa,a,0,0.0,0.0,,0.0,,True,JOCASTA,1+1+3,a
8344,aaaaa,a,0,0.0,0.0,,0.0,,True,JOCASTA,1+1+3,a
8345,aaaaa,a,0,0.0,58.59375,,58.59375,,True,JOCASTA,1+1+3,a
8346,aaaaa,a,0,0.0,234.375,,58.59375,,True,JOCASTA,1+1+3,a
8347,aaaaa,a,0,0.0,292.96875,,175.78125,,True,JOCASTA,1+1+3,a
8348,aaaaa,a,0,0.0,292.96875,,175.78125,,True,JOCASTA,1+1+3,a
8349,aaaaa,a,0,0.0,117.1875,,117.1875,,True,JOCASTA,1+1+3,a
8350,aaaaa,a,0,0.0,58.59375,,58.59375,,True,JOCASTA,1+1+3,a
8351,aaaaa,a,0,0.0,351.5625,,468.75,,True,JOCASTA,1+1+3,a
8352,aaaai,?,1,0.2,996.09375,,468.75,,True,JOCASTA,1+1+3,a
8353,aaaaa,a,0,0.0,234.375,,117.1875,,True,JOCASTA,1+1+3,a
8354,aaaaa,a,0,0.0,117.1875,,117.1875,,True,JOCASTA,1+1+3,a
8355,aaaaa,a,0,0.0,175.78125,,58.59375,,True,JOCASTA,1+1+3,a
8371,aaaaa,a,0,0.0,644.53125,,351.5625,,True,JOCASTA,1+1+3,a
8372,aaaaa,a,0,0.0,0.0,,0.0,,True,JOCASTA,1+1+3,a
8373,aaaaa,a,0,0.0,175.78125,,175.78125,,True,JOCASTA,1+1+3,a
8374,iaaiii,?,2,0.3333333333333333,703.125,,750.0,,True,JOCASTA,6-NOISE,a
8375,aaaaa,a,0,0.0,292.96875,,117.1875,,True,JOCASTA,1+1+3,a
8383,aaaaa,a,0,0.0,117.1875,,234.375,,True,JOCASTA,5R1,a
8384,aaaaa,a,0,0.0,175.78125,,117.1875,,True,JOCASTA,5R1,a
8385,aaaaa,a,0,0.0,117.1875,,117.1875,,True,JOCASTA,5R1,a
8386,aaaaa,a,0,0.0,234.375,,58.59375,,True,JOCASTA,5R1,a
8387,aaaaa,a,0,0.0,0.0,,0.0,,True,JOCASTA,5R1,a
8388,aaaaa,a,0,0.0,58.59375,,117.1875,,True,JOCASTA,5R1,a
8389,aaaaa,a,0,0.0,58.59375,,117.1875,,True,JOCASTA,5R1,a
8390,aaaaa,a,0,0.0,175.78125,,58.59375,,True,JOCASTA,1+1+3,a
8391,aaaaa,a,0,0.0,234.375,,58.59375,,True,JOCASTA,1+1+3,a
8392,aaaaa,a,0,0.0,234.375,,58.59375,,True,JOCASTA,1+1+3,a
8393,aaa,a,0,0.0,234.375,,117.1875,,True,LADYO,3D,a
8394,aaa,a,0,0.0,234.375,,117.1875,,True,LADYO,3D,a
8395,aaa,a,0,0.0,351.5625,,234.375,,True,LADYO,3D,a
8396,aaa,a,0,0.0,117.1875,,117.1875,,True,LADYO,3D,a
8397,aaa,a,0,0.0,0.0,,0.0,,True,LADYO,3D,a
8398,aaa,a,0,0.0,234.375,,117.1875,,True,LADYO,3D,a
8399,aaa,a,0,0.0,0.0,,0.0,,True,LADYO,3D,a
8438,aaaaa,a,0,0.0,585.9375,,410.15625,,True,,1+1+3,
8439,aaaaa,a,0,0.0,234.375,,292.96875,,True,,1+1+3,
8440,aaaaa,a,0,0.0,175.78125,,117.1875,,True,,1+1+3,
8441,aaaaa,a,0,0.0,234.375,,234.375,,True,,1+1+3,
8442,aaaii,?,2,0.4,1113.28125,,820.3125,,True,,1+1+3,
8443,aiaaa,?,1,0.2,1230.46875,,937.5,,True,,1+1+3,
8444,iaaaa,?,1,0.2,2167.96875,,820.3125,,True,,1+1+3,
8445,aaaaa,a,0,0.0,292.96875,,527.34375,,True,,1+1+3,
8446,aaaaa,a,0,0.0,175.78125,,234.375,,True,,1+1+3,
8447,aaaaa,a,0,0.0,234.375,,292.96875,,True,,1+1+3,
8448,aaaaa,a,0,0.0,292.96875,,292.96875,,True,,1+1+3,
8449,aaaaa,a,0,0.0,292.96875,,175.78125,,True,,1+1+3,
8450,aaa,a,0,0.0,585.9375,,820.3125,,True,,3R,
8451,aaa,a,0,0.0,234.375,,117.1875,,True,,3R,
8452,aaaaa,a,0,0.0,351.5625,,292.96875,,True,,1+1+3,
8453,aaaaa,a,0,0.0,820.3125,,234.375,,True,,1+1+3,
8454,aaaaa,a,0,0.0,937.5,,351.5625,,True,,1+1+3,
8471,iiiii,i,0,0.0,117.1875,175.78125,58.59375,175.78125,True,,1+1+3,
8472,aaiii,?,2,0.4,410.15625,,175.78125,,True,,1+1+3,
8473,iaiaa,?,2,0.4,585.9375,,410.15625,,True,,1+1+3,
8474,aaaaa,a,0,0.0,175.78125,,117.1875,,True,,1+1+3,
8475,aaaaa,a,0,0.0,175.78125,,117.1875,,True,,1+1+3,
8476,aaaaaa,a,0,0.0,140.625,,187.5,,True,,6-NOISE,
8477,iaaaa,?,1,0.2,1171.875,,292.96875,,True,,1+1+3,
8478,aiaii,?,2,0.4,351.5625,,703.125,,True,,1+1+3,
8479,aiaaa,?,1,0.2,234.375,,292.96875,,True,,5R2,
8480,iaaaa,?,1,0.2,117.1875,,234.375,,True,,5R2,
8481,iiiaa,?,2,0.4,117.1875,,175.78125,,True,,5R2,
8482,iiiai,?,1,0.2,0.0,,0.0,,True,,5R2,
8483,aaaaa,a,0,0.0,0.0,,0.0,,True,,5R2,
8504,aaaaa,a,0,0.0,644.53125,,234.375,,True,,1+1+3,
8505,aaaaa,a,0,0.0,58.59375,,117.1875,,True,,1+1+3,
8506,iiiai,?,1,0.2,410.15625,,351.5625,,True,,1+1+3,
8507,iiaii,?,1,0.2,937.5,,1289.0625,,True,,5-NOISE,
8508,iiiaa,?,2,0.4,0.0,,0.0,,True,,1+1+3,
8509,iiiii,i,0,0.0,58.59375,996.09375,58.59375,351.5625,True,,1+1+3,
8510,aaaaa,a,0,0.0,0.0,,0.0,,True,,1+1+3,
8511,aiaaa,?,1,0.2,1347.65625,,585.9375,,True,,1+1+3,
8512,aaaaa,a,0,0.0,585.9375,,175.78125,,True,,1+1+3,
8513,aaaaa,a,0,0.0,234.375,,58.59375,,True,,1+1+3,
8514,aaaaa,a,0,0.0,117.1875,,117.1875,,True,,1+1+3,
8515,iaaaa,?,1,0.2,234.375,,58.59375,,True,,1+1+3,
8516,aaaaaaaa,a,0,0.0,1238.8392857142858,,234.375,,True,,8i,
8517,aaaaa,a,0,0.0,0.0,,0.0,,True,,5R1,
8518,aaaaa,a,0,0.0,0.0,,0.0,,True,,5R1,
8519,aaaaa,a,0,0.0,0.0,,0.0,,True,,5R1,
8520,aaaaa,a,0,0.0,585.9375,,234.375,,True,,5R1,
8521,aaaaa,a,0,0.0,351.5625,,175.78125,,True,,5R1,
8522,aaaaa,a,0,0.0,234.375,,234.375,,True,,5R1,
8523,aaaaa,a,0,0.0,175.78125,,58.59375,,True,,5R1,
8524,aaaaa,a,0,0.0,878.90625,,234.375,,True,,5R1,
8525,aaaaa,a,0,0.0,410.15625,,117.1875,,True,,5R1,
8526,aaaaa,a,0,0.0,351.5625,,117.1875,,True,,5R1,
8527,aaaaa,a,0,0.0,175.78125,,58.59375,,True,,5R1,
8528,aaaaa,a,0,0.0,820.3125,,292.96875,,True,,5R1,
8529,aaaaa,a,0,0.0,58.59375,,117.1875,,True,,5R1,
8530,aaaaa,a,0,0.0,117.1875,,175.78125,,True,,5R1,
8531,aiiaaaa,?,2,0.2857142857142857,1054.6875,,625.0,,True,,7i,
8532,aaaaaai,?,1,0.14285714285714285,1757.8125,,742.1875,,True,,7i,
8533,aaaaa,a,0,0.0,175.78125,,58.59375,,True,TBB,1+1+3,a
8534,aaaaa,a,0,0.0,351.5625,,175.78125,,True,TBB,1+1+3,a
8535,aaaaa,a,0,0.0,117.1875,,117.1875,,True,TBB,1+1+3,a
8536,aaaaa,a,0,0.0,117.1875,,234.375,,True,TBB,1+1+3,a
8537,aaaaa,a,0,0.0,58.59375,,117.1875,,True,TBB,1+1+3,a
8538,aaaaa,a,0,0.0,937.5,,292.96875,,True,TBB,1+1+3,a
8539,aaaaa,a,0,0.0,292.96875,,117.1875,,True,TBB,1+1+3,a
8540,aaaaa,a,0,0.0,292.96875,,527.34375,,True,TBB,1+1+3,a
8541,aaaaa,a,0,0.0,234.375,,292.96875,,True,TBB,1+1+3,a
8542,aaaaa,a,0,0.0,234.375,,292.96875,,True,TBB,1+1+3,a
8543,aaaaa,a,0,0.0,351.5625,,468.75,,True,TBB,1+1+3,a
8544,aaaai,?,1,0.2,117.1875,,58.59375,,True,TBB,1+1+3,a
8545,iaaaa,?,1,0.2,4160.15625,,1054.6875,,True,TBB,1+1+3,a
8546,aaaaa,a,0,0.0,410.15625,,292.96875,,True,TBB,1+1+3,a
8547,aaaaa,a,0,0.0,410.15625,,175.78125,,True,TBB,1+1+3,a
8548,aaaaa,a,0,0.0,175.78125,,58.59375,,True,TBB,1+1+3,a
8549,aaaaa,a,0,0.0,117.1875,,117.1875,,True,TBB,1+1+3,a
8550,iiiii,i,0,0.0,117.1875,703.125,117.1875,292.96875,True,TBB,1+1+3,i
8551,iiiii,i,0,0.0,117.1875,351.5625,175.78125,117.1875,True,TBB,1+1+3,i
8552,aaaaa,a,0,0.0,292.96875,,175.78125,,True,TBB,1+1+3,a
8553,aaaaa,a,0,0.0,58.59375,,117.1875,,True,TBB,1+1+3,a
8554,aaaaa,a,0,0.0,117.1875,,175.78125,,True,TBB,1+1+3,a
8555,aaaaa,a,0,0.0,58.59375,,117.1875,,True,TBB,1+1+3,a
8556,aaaaa,a,0,0.0,234.375,,292.96875,,True,TBB,1+1+3,a
8557,iiaaa,?,2,0.4,175.78125,,117.1875,,True,TBB,1+1+3,i
8558,iiaii,?,1,0.2,175.78125,,58.59375,,True,TBB,1+1+3,i
8559,iiaaa,?,2,0.4,175.78125,,58.59375,,True,TBB,1+1+3,i
8560,iiiii,i,0,0.0,117.1875,58.59375,117.1875,117.1875,True,TBB,1+1+3,i
8566,aaaaa,a,0,0.0,468.75,,351.5625,,True,TBB,1+1+3,a
8567,aaaaa,a,0,0.0,468.75,,117.1875,,True,TBB,1+1+3,a
8568,aaaaa,a,0,0.0,234.375,,175.78125,,True,TBB,1+1+3,a
8569,aaaaa,a,0,0.0,117.1875,,234.375,,True,TBB,1+1+3,a
8570,aaaaa,a,0,0.0,292.96875,,117.1875,,True,TBB,1+1+3,i
8571,iiiiai,?,1,0.16666666666666666,93.75,,140.625,,True,TBB,6-NOISE,i
8572,aaaaa,a,0,0.0,351.5625,,234.375,,True,TBB,1+1+3,a
8573,aaaaa,a,0,0.0,175.78125,,234.375,,True,TBB,1+1+3,a
8574,aaaai,?,1,0.2,761.71875,,234.375,,True,TBB,1+1+3,
8610,aaaaaaaa,a,0,0.0,904.0178571428571,,267.85714285714283,,True,TBB,8i,a
8611,aaaaa,a,0,0.0,175.78125,,58.59375,,True,TBB,5R1,a
8612,aaaaa,a,0,0.0,292.96875,,175.78125,,True,TBB,5R1,a
8613,aaaaa,a,0,0.0,175.78125,,58.59375,,True,TBB,5R1,a
8614,aaaaa,a,0,0.0,410.15625,,117.1875,,True,TBB,5R1,a
8615,aaaaa,a,0,0.0,410.15625,,175.78125,,True,TBB,5R1,a
8616,aaaaa,a,0,0.0,0.0,,0.0,,True,TBB,5R1,a
8617,aaaaa,a,0,0.0,175.78125,,175.78125,,True,TBB,5R1,a
8618,aaaaa,a,0,0.0,527.34375,,175.78125,,True,TBB,5R1,a
8619,aaaaa,a,0,0.0,58.59375,,117.1875,,True,TBB,5R1,a
8620,aaaaa,a,0,0.0,351.5625,,117.1875,,True,TBB,5R1,a
8621,aaaaa,a,0,0.0,234.375,,234.375,,True,TBB,5R1,a
8622,aaaaa,a,0,0.0,703.125,,234.375,,True,TBB,5R1,a
8623,aaaaa,a,0,0.0,0.0,,0.0,,True,TBB,5R1,a
8624,aaaaa,a,0,0.0,117.1875,,175.78125,,True,TBB,5R1,a
8625,aiaaaaa,?,1,0.14285714285714285,1640.625,,1406.25,,True,TBB,7i,a
8626,aaaaaai,?,1,0.14285714285714285,1875.0,,898.4375,,True,TBB,7i,a
8627,aaaaa,a,0,0.0,117.1875,,117.1875,,True,JOCASTA,5R1,a
8628,aaaaai,?,1,0.16666666666666666,609.375,,656.25,,True,JOCASTA,6i,a
8629,aaaaa,a,0,0.0,58.59375,,58.59375,,True,JOCASTA,5R1,a
8630,aaaaa,a,0,0.0,234.375,,58.59375,,True,JOCASTA,5R1,a
8631,aaaaa,a,0,0.0,117.1875,,58.59375,,True,JOCASTA,1+1+3,i
8632,aaaaa,a,0,0.0,175.78125,,58.59375,,True,JOCASTA,1+1+3,i
8633,aaaaa,a,0,0.0,527.34375,,234.375,,True,JOCASTA,1+1+3,
8634,aaaaa,a,0,0.0,703.125,,234.375,,True,JOCASTA,1+1+3,
8635,aaaaa,a,0,0.0,117.1875,,117.1875,,True,JOCASTA,1+1+3,
8636,iiiii,i,0,0.0,0.0,234.375,0.0,234.375,True,JOCASTA,1+1+3,i
8637,aaaaa,a,0,0.0,58.59375,,58.59375,,True,JOCASTA,1+1+3,i
8638,iiiii,i,0,0.0,0.0,0.0,0.0,0.0,True,JOCASTA,1+1+3,i
8639,iiiia,?,1,0.2,585.9375,,585.9375,,True,JOCASTA,1+1+3,i
8640,iiaaa,?,2,0.4,1933.59375,,644.53125,,True,JOCASTA,1+1+3,i
8641,iiiiiii,i,0,0.0,234.375,742.1875,39.0625,234.375,True,JOCASTA,7D2,i
8643,aaaaaa,a,0,0.0,328.125,,234.375,,True,JOCASTA,6i,a
8644,aaaaa,a,0,0.0,703.125,,175.78125,,True,JOCASTA,5R1,a
8645,iaaaa,?,1,0.2,117.1875,,175.78125,,True,JOCASTA,5R1,a
8646,iaaaa,?,1,0.2,1699.21875,,703.125,,True,JOCASTA,5R1,a
8647,aaaaa,a,0,0.0,351.5625,,175.78125,,True,JOCASTA,5R1,a
8648,iaaaa,?,1,0.2,1289.0625,,351.5625,,True,JOCASTA,5R1,a
8649,iaaaa,?,1,0.2,1171.875,,292.96875,,True,JOCASTA,5R1,a
8650,aaaaa,a,0,0.0,234.375,,58.59375,,True,JOCASTA,5R1,a
8651,iaaaa,?,1,0.2,2929.6875,,820.3125,,True,JOCASTA,5R1,a
8652,aaaaa,a,0,0.0,292.96875,,175.78125,,True,JOCASTA,5R1,a
8653,aaaaa,a,0,0.0,234.375,,58.59375,,True,JOCASTA,5R1,a
8654,aaaaa,a,0,0.0,351.5625,,117.1875,,True,JOCASTA,5R1,a
8667,aaaaa,a,0,0.0,644.53125,,292.96875,,True,JOCASTA,5R1,a
8668,aaaaa,a,0,0.0,234.375,,58.59375,,True,JOCASTA,5R1,a
8669,aaaaa,a,0,0.0,175.78125,,58.59375,,True,JOCASTA,5R1,a
8670,aaaaa,a,0,0.0,58.59375,,117.1875,,True,JOCASTA,5R1,a
8837,aaaaaaaa,a,0,0.0,66.96428571428571,,33.482142857142854,,True,LAIUS,8R,a
8838,aaaaaaaaaa,a,0,0.0,52.083333333333336,,52.083333333333336,,True,LAIUS,10R,a
8839,aaaaaaaaa,a,0,0.0,175.78125,,117.1875,,True,LAIUS,9R,a
8840,iiiii,i,0,0.0,0.0,351.5625,0.0,527.34375,True,LAIUS,1+1+3,i
8841,iiiii,i,0,0.0,0.0,58.59375,0.0,117.1875,True,LAIUS,1+1+3,i
8842,iiiii,i,0,0.0,468.75,292.96875,117.1875,175.78125,True,LAIUS,1+1+3,i
8843,iiiii,i,0,0.0,117.1875,410.15625,117.1875,234.375,True,LAIUS,1+1+3,i
8844,iiiii,i,0,0.0,58.59375,351.5625,117.1875,117.1875,True,LAIUS,1+1+3,i
8845,iiiii,i,0,0.0,0.0,234.375,0.0,292.96875,True,LAIUS,1+1+3,i
8846,iaiia,?,2,0.4,820.3125,,996.09375,,True,LAIUS,1+1+3,
8854,aaaai,?,1,0.2,410.15625,,468.75,,True,LAIUS,1+1+3,a
8855,aaaaa,a,0,0.0,234.375,,58.59375,,True,LAIUS,1+1+3,a
8856,iaaaa,?,1,0.2,234.375,,58.59375,,True,LAIUS,1+1+3,a
8857,iaaai,?,2,0.4,1171.875,,761.71875,,True,LAIUS,1+1+3,a
8858,iiaaa,?,2,0.4,468.75,,820.3125,,True,LAIUS,1+1+3,a
8859,iaaaa,?,1,0.2,0.0,,0.0,,True,LAIUS,1+1+3,a
8860,aaaaa,a,0,0.0,58.59375,,117.1875,,True,LAIUS,1+1+3,a
